ranker,season,player,pos,age,age_group,team,g,gs,mp_per_g,fp_per_g,fga_per_g,fg_pct,fg3_per_g,fg3a_per_g,fg3_pct,fg2_per_g,fg2a_per_g,fg2_pct,efg_pct,ft_per_g,fta_per_g,ft_pct,orb_per_g,drb_per_g,trb_per_g,ast_per_g,stl_per_g,blk_per_g,tov_per_g,pf_per_g,pts_per_g,ast_tov_ratio,efficiency
1,2013-2014,Quincy Acy,SF,23,23-26,TOT,63,0,13.4,1.0,2.2,0.468,0.1,0.2,0.267,1.0,2.0,0.492,0.482,0.6,0.8,0.66,1.1,2.3,3.4,0.4,0.4,0.4,0.5,1.9,2.7,0.8,3.5
1,2013-2014,Quincy Acy,SF,23,23-26,TOR,7,0,8.7,0.9,2.0,0.429,0.3,0.7,0.4,0.6,1.3,0.444,0.5,0.7,1.1,0.625,0.7,1.4,2.1,0.6,0.6,0.4,0.3,1.1,2.7,2.0,3.5
1,2013-2014,Quincy Acy,SF,23,23-26,SAC,56,0,14.0,1.1,2.3,0.472,0.0,0.2,0.2,1.0,2.1,0.496,0.48,0.5,0.8,0.667,1.2,2.4,3.6,0.4,0.3,0.4,0.5,2.0,2.7,0.8,3.4
2,2013-2014,Steven Adams,C,20,18-22,OKC,81,20,14.8,1.1,2.3,0.503,0.0,0.0,0.0,1.1,2.3,0.503,0.503,1.0,1.7,0.581,1.8,2.3,4.1,0.5,0.5,0.7,0.9,2.5,3.3,0.56,3.8
3,2013-2014,Jeff Adrien,PF,27,27-30,TOT,53,12,18.1,2.7,5.2,0.52,0.0,0.0,0.0,2.7,5.2,0.52,0.52,1.4,2.2,0.639,1.9,3.8,5.8,0.7,0.5,0.7,0.7,2.0,6.8,1.0,8.5
3,2013-2014,Jeff Adrien,PF,27,27-30,CHA,25,0,10.2,0.9,1.6,0.55,0.0,0.0,0.0,0.9,1.6,0.55,0.55,0.5,1.0,0.52,1.3,2.2,3.5,0.3,0.3,0.6,0.3,1.4,2.3,1.0,4.1
3,2013-2014,Jeff Adrien,PF,27,27-30,MIL,28,12,25.2,4.3,8.4,0.515,0.0,0.0,0.0,4.3,8.4,0.515,0.515,2.3,3.4,0.67,2.5,5.3,7.8,1.1,0.6,0.8,1.1,2.6,10.9,1.0,12.3
4,2013-2014,Arron Afflalo,SG,28,27-30,ORL,73,73,35.0,6.4,13.8,0.459,1.8,4.1,0.427,4.6,9.7,0.473,0.522,3.8,4.6,0.815,0.4,3.2,3.6,3.4,0.5,0.0,2.0,1.9,18.2,1.7,13.6
5,2013-2014,Alexis Ajinça,C,25,23-26,NOP,56,30,17.0,2.4,4.4,0.546,0.0,0.0,0.0,2.4,4.4,0.548,0.546,1.0,1.2,0.836,1.7,3.3,4.9,0.7,0.4,0.8,1.1,3.3,5.9,0.64,6.1
6,2013-2014,Cole Aldrich,C,25,23-26,NYK,46,2,7.2,0.7,1.3,0.541,0.0,0.0,0.0,0.7,1.3,0.541,0.541,0.6,0.7,0.867,0.8,2.0,2.8,0.3,0.2,0.7,0.4,0.9,2.0,0.75,4.0
7,2013-2014,LaMarcus Aldridge,PF,28,27-30,POR,69,69,36.2,9.4,20.6,0.458,0.0,0.2,0.2,9.4,20.4,0.461,0.459,4.3,5.2,0.822,2.4,8.7,11.1,2.6,0.9,1.0,1.8,2.1,23.2,1.44,22.8
8,2013-2014,Lavoy Allen,PF,24,23-26,TOT,65,2,16.5,2.1,4.6,0.447,0.0,0.2,0.154,2.0,4.4,0.46,0.45,0.5,0.8,0.66,1.8,3.0,4.8,1.1,0.4,0.5,0.7,1.9,4.7,1.57,6.1
8,2013-2014,Lavoy Allen,PF,24,23-26,PHI,51,2,18.8,2.3,5.2,0.44,0.0,0.3,0.154,2.3,5.0,0.455,0.444,0.5,0.8,0.675,2.1,3.4,5.4,1.3,0.4,0.5,0.8,2.3,5.2,1.62,6.5
8,2013-2014,Lavoy Allen,PF,24,23-26,IND,14,0,8.0,1.2,2.4,0.5,0.0,0.0,0.0,1.2,2.4,0.5,0.5,0.4,0.7,0.6,0.9,1.5,2.4,0.4,0.1,0.4,0.3,0.8,2.9,1.33,3.6
9,2013-2014,Ray Allen,SG,38,35-38,MIA,73,9,26.5,3.3,7.4,0.442,1.6,4.2,0.375,1.7,3.2,0.53,0.549,1.4,1.6,0.905,0.3,2.5,2.8,2.0,0.7,0.1,1.2,1.6,9.6,1.67,8.1
10,2013-2014,Tony Allen,SG,32,31-34,MEM,55,28,23.2,3.7,7.5,0.494,0.2,0.9,0.234,3.5,6.7,0.527,0.507,1.4,2.2,0.628,1.4,2.3,3.8,1.7,1.6,0.3,1.6,2.2,9.0,1.06,8.0
11,2013-2014,Al-Farouq Aminu,SF,23,23-26,NOP,80,65,25.6,2.9,6.2,0.474,0.2,0.6,0.271,2.8,5.6,0.496,0.487,1.1,1.7,0.664,1.6,4.6,6.2,1.4,1.0,0.5,1.1,1.8,7.2,1.27,9.5
12,2013-2014,Lou Amundson,PF,31,31-34,TOT,19,0,9.7,0.8,1.7,0.5,0.0,0.0,0.0,0.8,1.7,0.5,0.5,0.3,1.3,0.25,1.5,1.4,2.9,0.3,0.5,0.6,0.7,2.6,2.0,0.43,1.1
12,2013-2014,Lou Amundson,PF,31,31-34,NOP,18,0,10.2,0.9,1.8,0.5,0.0,0.0,0.0,0.9,1.8,0.5,0.5,0.3,1.3,0.25,1.6,1.5,3.1,0.3,0.5,0.6,0.8,2.7,2.1,0.37,1.2
12,2013-2014,Lou Amundson,PF,31,31-34,CHI,1,0,1.0,0.0,0.0,0.0,0.0,0.0,0.0,0.0,0.0,0.0,0.0,0.0,0.0,0.0,0.0,0.0,0.0,0.0,0.0,0.0,0.0,0.0,0.0,-1.0,0.0
13,2013-2014,Chris Andersen,C,35,35-38,MIA,72,0,19.4,2.5,3.8,0.644,0.0,0.2,0.25,2.4,3.7,0.662,0.649,1.7,2.3,0.71,1.8,3.5,5.3,0.3,0.4,1.3,0.7,2.3,6.6,0.43,9.0
14,2013-2014,Alan Anderson,SF,31,31-34,BRK,78,26,22.7,2.5,6.2,0.4,1.1,3.2,0.339,1.4,3.0,0.464,0.487,1.2,1.5,0.78,0.5,1.7,2.2,1.0,0.6,0.1,0.8,1.9,7.2,1.25,4.4
15,2013-2014,James Anderson,SG,24,23-26,PHI,80,62,28.9,3.9,9.0,0.431,1.4,4.4,0.328,2.4,4.6,0.53,0.511,1.0,1.3,0.726,0.7,3.0,3.8,1.9,0.9,0.4,1.3,1.9,10.1,1.46,8.5
16,2013-2014,Ryan Anderson,PF,25,23-26,NOP,22,14,36.1,7.0,16.1,0.438,3.0,7.5,0.409,4.0,8.6,0.463,0.532,2.7,2.8,0.952,3.0,3.5,6.5,0.8,0.5,0.3,0.9,2.1,19.8,0.89,15.7
17,2013-2014,Giannis Antetokounmpo,SF,19,18-22,MIL,77,23,24.6,2.2,5.4,0.414,0.5,1.5,0.347,1.7,3.9,0.44,0.463,1.8,2.6,0.683,1.0,3.4,4.4,1.9,0.8,0.8,1.6,2.2,6.8,1.19,6.9
18,2013-2014,Carmelo Anthony,PF,29,27-30,NYK,77,77,38.7,9.6,21.3,0.452,2.2,5.4,0.402,7.5,15.9,0.469,0.503,6.0,7.0,0.848,1.9,6.2,8.1,3.1,1.2,0.7,2.6,2.9,27.4,1.19,22.3
19,2013-2014,Joel Anthony,C,31,31-34,TOT,33,0,5.6,0.4,1.0,0.375,0.0,0.0,0.0,0.4,1.0,0.375,0.375,0.1,0.2,0.5,0.5,0.7,1.2,0.1,0.1,0.4,0.1,0.5,0.8,1.0,1.3
19,2013-2014,Joel Anthony,C,31,31-34,MIA,12,0,3.1,0.2,0.5,0.333,0.0,0.0,0.0,0.2,0.5,0.333,0.333,0.2,0.2,1.0,0.2,0.4,0.6,0.0,0.0,0.3,0.1,0.3,0.5,0.0,0.7
19,2013-2014,Joel Anthony,C,31,31-34,BOS,21,0,7.1,0.5,1.2,0.385,0.0,0.0,0.0,0.5,1.2,0.385,0.385,0.1,0.3,0.333,0.6,0.9,1.5,0.1,0.1,0.4,0.1,0.6,1.0,1.0,1.5
20,2013-2014,Pero Antić,C,31,31-34,ATL,50,26,18.5,2.5,5.9,0.418,1.1,3.4,0.327,1.3,2.5,0.545,0.514,1.0,1.3,0.758,1.1,3.0,4.2,1.2,0.4,0.2,1.1,2.5,7.0,1.09,5.7
21,2013-2014,Trevor Ariza,SF,28,27-30,WAS,77,77,35.4,5.1,11.1,0.456,2.3,5.7,0.407,2.7,5.3,0.509,0.562,1.9,2.5,0.772,1.3,4.9,6.2,2.5,1.6,0.3,1.7,2.3,14.4,1.47,14.4
22,2013-2014,Hilton Armstrong,C,29,27-30,GSW,15,1,6.5,0.6,1.3,0.474,0.0,0.0,0.0,0.6,1.3,0.474,0.474,0.5,1.1,0.438,1.3,1.9,3.1,0.3,0.3,0.3,0.4,0.7,1.7,0.75,3.3
23,2013-2014,Darrell Arthur,SF,25,23-26,DEN,68,1,17.1,2.4,6.0,0.395,0.4,0.9,0.375,2.0,5.1,0.399,0.424,0.8,0.9,0.855,0.8,2.3,3.1,0.9,0.6,0.7,0.9,2.7,5.9,1.0,3.9
24,2013-2014,Ömer Aşık,C,27,27-30,HOU,48,19,20.2,2.1,4.0,0.532,0.0,0.0,0.0,2.1,4.0,0.532,0.532,1.6,2.6,0.619,2.1,5.8,7.9,0.5,0.3,0.8,1.2,1.9,5.8,0.42,9.3
25,2013-2014,D.J. Augustin,PG,26,23-26,TOT,71,9,27.3,4.2,10.1,0.415,1.9,4.7,0.401,2.3,5.4,0.427,0.508,2.8,3.2,0.885,0.2,1.6,1.8,4.4,0.7,0.0,1.8,2.1,13.1,2.44,9.8
25,2013-2014,D.J. Augustin,PG,26,23-26,TOR,10,0,8.2,0.7,2.4,0.292,0.1,1.1,0.091,0.6,1.3,0.462,0.313,0.6,0.6,1.0,0.0,0.4,0.4,1.0,0.1,0.0,0.9,0.7,2.1,1.11,0.3
25,2013-2014,D.J. Augustin,PG,26,23-26,CHI,61,9,30.4,4.8,11.4,0.419,2.2,5.3,0.411,2.6,6.1,0.426,0.514,3.2,3.6,0.882,0.2,1.8,2.1,5.0,0.9,0.0,1.9,2.3,14.9,2.63,11.7
26,2013-2014,Gustavo Ayón,C,28,27-30,ATL,26,14,16.5,2.0,3.9,0.51,0.0,0.0,0.0,2.0,3.9,0.51,0.51,0.3,0.8,0.4,1.6,3.2,4.8,1.1,1.0,0.4,1.1,1.8,4.3,1.0,6.3
27,2013-2014,Jeff Ayres,PF,26,23-26,SAS,73,10,13.0,1.4,2.4,0.58,0.0,0.0,0.0,1.4,2.4,0.58,0.58,0.5,0.8,0.691,1.2,2.3,3.5,0.8,0.2,0.3,0.9,2.0,3.3,0.89,3.9
28,2013-2014,Chris Babb,SG,23,23-26,BOS,14,0,9.4,0.6,2.1,0.267,0.4,1.9,0.222,0.1,0.2,0.667,0.367,0.0,0.0,0.0,0.3,0.9,1.2,0.2,0.4,0.0,0.2,0.9,1.6,1.0,0.8
29,2013-2014,Luke Babbitt,PF,24,23-26,NOP,27,2,17.5,2.2,5.7,0.39,1.3,3.5,0.379,0.9,2.2,0.407,0.506,0.5,0.7,0.778,0.7,2.6,3.3,1.1,0.3,0.4,0.6,1.9,6.3,1.83,5.2
30,2013-2014,Leandro Barbosa,PG,31,31-34,PHO,20,0,18.4,2.8,6.6,0.427,0.4,1.3,0.28,2.5,5.3,0.462,0.454,1.6,2.0,0.795,0.3,1.6,1.9,1.6,0.4,0.2,1.0,1.5,7.5,1.6,4.9
31,2013-2014,J.J. Barea,PG,29,27-30,MIN,79,1,18.6,3.2,8.3,0.387,0.9,2.9,0.316,2.3,5.4,0.426,0.443,1.0,1.3,0.79,0.2,1.7,1.9,3.8,0.3,0.0,1.6,1.6,8.4,2.37,5.8
32,2013-2014,Andrea Bargnani,C,28,27-30,NYK,42,39,29.9,5.3,12.0,0.442,0.7,2.6,0.278,4.6,9.4,0.487,0.472,2.0,2.4,0.824,1.6,3.6,5.3,1.1,0.3,1.2,1.4,2.4,13.3,0.79,10.3
33,2013-2014,Harrison Barnes,SF,21,18-22,GSW,78,24,28.3,3.5,8.7,0.399,0.8,2.4,0.347,2.6,6.3,0.419,0.448,1.7,2.3,0.718,0.8,3.1,4.0,1.5,0.8,0.3,1.1,2.0,9.5,1.36,7.2
34,2013-2014,Matt Barnes,SF,33,31-34,LAC,63,40,27.5,3.7,8.4,0.438,1.5,4.5,0.343,2.1,3.9,0.549,0.53,1.0,1.4,0.733,1.0,3.7,4.6,2.0,0.9,0.4,1.3,2.9,9.9,1.54,8.5
35,2013-2014,Will Barton,SG,23,23-26,POR,41,0,9.4,1.6,3.8,0.417,0.2,0.8,0.303,1.3,3.0,0.447,0.449,0.6,0.8,0.813,0.4,1.4,1.8,0.8,0.2,0.2,0.4,0.8,4.0,2.0,3.4
36,2013-2014,Brandon Bass,PF,28,27-30,BOS,82,73,27.6,4.3,8.8,0.486,0.0,0.1,0.333,4.3,8.8,0.487,0.487,2.5,2.9,0.858,2.0,3.8,5.7,1.1,0.4,0.9,1.2,2.3,11.1,0.92,10.8
37,2013-2014,Shane Battier,SF,35,35-38,MIA,73,56,20.1,1.4,3.8,0.382,1.0,2.9,0.348,0.4,0.9,0.492,0.515,0.2,0.3,0.652,0.5,1.4,1.9,0.9,0.7,0.5,0.3,1.7,4.1,3.0,3.6
38,2013-2014,Nicolas Batum,SF,25,23-26,POR,82,82,36.0,4.6,10.0,0.465,1.8,4.9,0.361,2.9,5.1,0.566,0.554,2.0,2.5,0.803,1.4,6.0,7.5,5.1,0.9,0.7,2.5,1.9,13.0,2.04,16.9
39,2013-2014,Jerryd Bayless,PG,25,23-26,TOT,72,19,23.4,3.4,8.6,0.402,1.1,2.9,0.358,2.4,5.6,0.425,0.464,1.3,1.6,0.797,0.3,1.7,2.0,2.7,0.8,0.1,1.1,2.2,9.3,2.45,6.1
39,2013-2014,Jerryd Bayless,PG,25,23-26,MEM,31,5,21.0,2.9,7.7,0.377,0.8,2.7,0.301,2.1,5.0,0.417,0.429,1.5,1.8,0.789,0.3,1.6,1.9,2.1,0.6,0.2,0.7,2.3,8.1,3.0,4.8
39,2013-2014,Jerryd Bayless,PG,25,23-26,BOS,41,14,25.3,3.9,9.2,0.418,1.2,3.1,0.395,2.6,6.1,0.43,0.485,1.2,1.5,0.803,0.3,1.8,2.1,3.1,1.0,0.1,1.5,2.2,10.1,2.07,7.1
40,2013-2014,Aron Baynes,C,27,27-30,SAS,53,4,9.3,1.3,3.1,0.436,0.0,0.0,0.0,1.3,3.1,0.436,0.436,0.4,0.4,0.905,1.1,1.7,2.7,0.6,0.0,0.1,0.7,1.5,3.0,0.86,2.4
41,2013-2014,Kent Bazemore,SG,24,23-26,TOT,67,15,13.6,2.2,5.1,0.429,0.6,1.9,0.336,1.6,3.2,0.484,0.491,1.0,1.6,0.606,0.1,1.6,1.7,1.4,0.6,0.2,1.2,1.5,6.0,1.17,3.7
41,2013-2014,Kent Bazemore,SG,24,23-26,GSW,44,0,6.1,0.8,2.2,0.371,0.2,0.9,0.256,0.6,1.3,0.448,0.423,0.4,0.8,0.528,0.1,0.8,0.9,0.5,0.3,0.1,0.6,1.0,2.3,0.83,0.7
41,2013-2014,Kent Bazemore,SG,24,23-26,LAL,23,15,28.0,4.8,10.7,0.451,1.4,3.9,0.371,3.4,6.8,0.497,0.518,2.0,3.2,0.644,0.2,3.1,3.3,3.1,1.3,0.3,2.2,2.6,13.1,1.41,9.2
42,2013-2014,Bradley Beal,SG,20,18-22,WAS,73,73,34.7,6.6,15.7,0.419,1.9,4.7,0.402,4.7,11.0,0.426,0.479,2.0,2.6,0.788,0.7,3.0,3.7,3.3,1.0,0.2,1.8,2.1,17.1,1.83,11.7
43,2013-2014,Michael Beasley,SF,25,23-26,MIA,55,2,15.1,3.2,6.5,0.499,0.4,1.0,0.389,2.8,5.5,0.518,0.528,1.1,1.4,0.772,0.6,2.6,3.1,0.8,0.4,0.4,1.0,1.7,7.9,0.8,6.3
44,2013-2014,Marco Belinelli,SF,27,27-30,SAS,80,25,25.2,4.2,8.7,0.485,1.6,3.7,0.43,2.6,5.0,0.525,0.576,1.4,1.6,0.847,0.2,2.6,2.8,2.2,0.6,0.1,1.2,1.6,11.4,1.83,9.6
45,2013-2014,Anthony Bennett,PF,20,18-22,CLE,52,0,12.8,1.5,4.3,0.356,0.3,1.0,0.245,1.3,3.3,0.39,0.384,0.8,1.3,0.638,0.9,2.0,3.0,0.3,0.4,0.2,0.9,1.8,4.2,0.33,2.1
46,2013-2014,Patrick Beverley,PG,25,23-26,HOU,56,55,31.3,3.6,8.6,0.414,1.6,4.6,0.361,1.9,4.0,0.473,0.509,1.5,1.8,0.814,1.3,2.2,3.5,2.7,1.4,0.4,1.2,3.1,10.2,2.25,8.6
47,2013-2014,Andris Biedriņš,C,27,27-30,UTA,6,0,7.5,0.2,0.2,1.0,0.0,0.0,0.0,0.2,0.2,1.0,1.0,0.2,1.0,0.167,0.3,2.5,2.8,0.0,0.0,0.0,0.3,1.0,0.5,0.0,1.2
48,2013-2014,Chauncey Billups,SG,37,35-38,DET,19,7,16.3,1.3,4.2,0.304,0.7,2.5,0.292,0.5,1.6,0.323,0.392,0.5,0.6,0.833,0.2,1.3,1.5,2.2,0.4,0.1,1.3,1.3,3.8,1.69,2.4
49,2013-2014,Bismack Biyombo,C,21,18-22,CHA,77,9,13.9,1.1,1.9,0.611,0.0,0.0,0.0,1.1,1.9,0.611,0.611,0.6,1.2,0.517,1.4,3.4,4.8,0.1,0.1,1.1,0.5,1.6,2.9,0.2,5.5
50,2013-2014,DeJuan Blair,PF,24,23-26,DAL,78,13,15.6,2.7,5.0,0.534,0.0,0.0,0.0,2.7,5.0,0.537,0.534,1.0,1.6,0.636,1.8,2.9,4.7,0.9,0.8,0.3,1.0,2.5,6.4,0.9,6.7
51,2013-2014,Steve Blake,PG,33,31-34,TOT,55,28,27.2,2.4,6.4,0.377,1.4,3.8,0.376,1.0,2.6,0.378,0.489,0.6,0.8,0.767,0.2,2.7,2.9,5.6,1.0,0.1,1.9,1.5,6.9,2.95,8.9
51,2013-2014,Steve Blake,PG,33,31-34,LAL,27,27,33.0,3.3,8.6,0.378,1.9,4.9,0.397,1.3,3.8,0.353,0.489,1.0,1.3,0.8,0.3,3.5,3.8,7.6,1.3,0.1,2.6,1.8,9.5,2.92,12.3
51,2013-2014,Steve Blake,PG,33,31-34,GSW,28,1,21.7,1.6,4.3,0.375,1.0,2.8,0.342,0.6,1.5,0.439,0.488,0.2,0.3,0.625,0.2,1.8,2.0,3.6,0.7,0.2,1.1,1.3,4.4,3.27,5.7
52,2013-2014,Andray Blatche,PF,27,27-30,BRK,73,7,22.2,4.4,9.2,0.476,0.2,0.7,0.278,4.2,8.5,0.494,0.487,2.2,3.0,0.742,1.6,3.7,5.3,1.5,1.0,0.5,1.5,2.3,11.2,1.0,10.1
53,2013-2014,Eric Bledsoe,PG,24,23-26,PHO,43,40,32.9,6.2,12.9,0.477,1.2,3.3,0.357,5.0,9.7,0.517,0.522,4.3,5.5,0.772,0.6,4.1,4.7,5.5,1.6,0.3,3.3,2.3,17.7,1.67,16.3
54,2013-2014,Vander Blue,SG,21,18-22,BOS,3,0,5.0,0.7,1.3,0.5,0.0,0.3,0.0,0.7,1.0,0.667,0.5,0.3,1.7,0.2,0.0,1.0,1.0,0.3,0.0,0.0,0.7,0.3,1.7,0.43,0.0
55,2013-2014,Keith Bogans,SG,33,31-34,BOS,6,0,9.2,0.5,1.0,0.5,0.5,1.0,0.5,0.0,0.0,0.0,0.75,0.5,0.5,1.0,0.0,0.5,0.5,0.5,0.2,0.0,0.2,0.3,2.0,2.5,2.2
56,2013-2014,Andrew Bogut,C,29,27-30,GSW,67,67,26.4,3.5,5.6,0.627,0.0,0.0,0.0,3.5,5.6,0.627,0.627,0.3,1.0,0.344,2.7,7.3,10.0,1.7,0.7,1.8,1.4,3.1,7.3,1.21,14.2
57,2013-2014,Matt Bonner,PF,33,31-34,SAS,61,0,11.3,1.2,2.7,0.445,0.7,1.6,0.429,0.5,1.1,0.47,0.573,0.1,0.2,0.75,0.3,1.9,2.1,0.5,0.2,0.2,0.3,0.8,3.2,1.67,3.5
58,2013-2014,Trevor Booker,PF,26,23-26,WAS,72,45,21.6,3.1,5.6,0.551,0.0,0.0,0.0,3.1,5.6,0.554,0.551,0.7,1.1,0.618,2.1,3.2,5.3,0.9,0.6,0.6,0.8,1.8,6.8,1.12,8.7
59,2013-2014,Carlos Boozer,PF,32,31-34,CHI,76,76,28.2,5.9,12.9,0.456,0.0,0.0,0.0,5.9,12.9,0.457,0.456,1.9,2.5,0.767,1.8,6.5,8.3,1.6,0.7,0.3,2.0,2.8,13.7,0.8,12.2
60,2013-2014,Chris Bosh,C,29,27-30,MIA,79,79,32.0,6.2,12.1,0.516,0.9,2.8,0.339,5.3,9.3,0.569,0.555,2.8,3.4,0.82,1.2,5.4,6.6,1.1,1.0,1.0,1.6,2.4,16.2,0.69,15.4
61,2013-2014,Avery Bradley,SG,23,23-26,BOS,60,58,30.9,6.0,13.8,0.438,1.3,3.3,0.395,4.7,10.4,0.451,0.485,1.5,1.9,0.804,0.8,3.0,3.8,1.4,1.1,0.2,1.6,2.4,14.9,0.87,9.2
62,2013-2014,Elton Brand,C,34,31-34,ATL,73,15,19.4,2.5,4.5,0.539,0.0,0.0,0.0,2.5,4.5,0.542,0.539,0.8,1.3,0.649,1.3,3.6,4.9,1.0,0.5,1.2,0.8,2.6,5.7,1.25,7.4
63,2013-2014,Corey Brewer,SF,27,27-30,MIN,81,81,32.2,4.8,10.0,0.481,0.7,2.6,0.28,4.1,7.4,0.552,0.517,2.0,2.8,0.718,0.8,1.8,2.6,1.7,1.9,0.4,1.3,2.6,12.3,1.31,9.0
64,2013-2014,Ronnie Brewer,SF,28,27-30,TOT,24,3,6.7,0.1,0.6,0.2,0.0,0.3,0.125,0.1,0.3,0.286,0.233,0.0,0.1,0.0,0.1,0.5,0.6,0.4,0.3,0.0,0.1,0.2,0.3,4.0,0.7
64,2013-2014,Ronnie Brewer,SF,28,27-30,HOU,23,3,6.9,0.1,0.7,0.2,0.0,0.3,0.125,0.1,0.3,0.286,0.233,0.0,0.1,0.0,0.1,0.5,0.6,0.4,0.3,0.0,0.1,0.2,0.3,4.0,0.6
64,2013-2014,Ronnie Brewer,SF,28,27-30,CHI,1,0,2.0,0.0,0.0,0.0,0.0,0.0,0.0,0.0,0.0,0.0,0.0,0.0,0.0,0.0,0.0,0.0,0.0,0.0,0.0,0.0,0.0,0.0,0.0,-1.0,0.0
65,2013-2014,Aaron Brooks,PG,29,27-30,TOT,72,12,21.6,3.2,8.1,0.401,1.3,3.4,0.387,1.9,4.6,0.411,0.484,1.2,1.3,0.874,0.6,1.3,1.9,3.2,0.7,0.2,1.6,2.0,9.0,2.0,6.4
65,2013-2014,Aaron Brooks,PG,29,27-30,HOU,43,0,16.7,2.4,6.1,0.395,1.3,3.1,0.409,1.2,3.0,0.382,0.498,0.9,1.0,0.841,0.5,0.9,1.4,1.9,0.6,0.1,1.2,1.8,7.0,1.58,4.2
65,2013-2014,Aaron Brooks,PG,29,27-30,DEN,29,12,29.0,4.4,11.0,0.406,1.4,4.0,0.362,3.0,7.0,0.431,0.472,1.6,1.8,0.902,0.7,2.0,2.7,5.2,0.9,0.2,2.3,2.4,11.9,2.26,9.4
66,2013-2014,MarShon Brooks,SG,25,23-26,TOT,35,0,9.0,1.6,3.6,0.456,0.4,0.7,0.52,1.3,2.9,0.44,0.508,0.9,1.3,0.727,0.3,1.3,1.5,0.7,0.4,0.1,0.7,0.6,4.5,1.0,3.5
66,2013-2014,MarShon Brooks,SG,25,23-26,BOS,10,0,7.3,0.9,2.4,0.375,0.2,0.4,0.5,0.7,2.0,0.35,0.417,1.1,1.4,0.786,0.1,1.8,1.9,0.4,0.1,0.1,0.7,0.5,3.1,0.57,2.6
66,2013-2014,MarShon Brooks,SG,25,23-26,GSW,7,0,2.1,0.7,1.9,0.385,0.0,0.3,0.0,0.7,1.6,0.455,0.385,0.4,0.6,0.75,0.1,0.6,0.7,0.0,0.1,0.0,0.0,0.0,1.9,-1.0,1.3
66,2013-2014,MarShon Brooks,SG,25,23-26,LAL,18,0,12.7,2.4,4.9,0.489,0.6,1.1,0.579,1.8,3.8,0.464,0.551,1.0,1.4,0.692,0.4,1.2,1.7,1.2,0.7,0.2,0.9,0.9,6.4,1.33,5.5
67,2013-2014,Lorenzo Brown,PG,23,23-26,PHI,26,0,8.6,1.0,3.3,0.302,0.1,1.2,0.1,0.9,2.2,0.411,0.32,0.3,0.5,0.692,0.3,0.8,1.1,1.6,0.5,0.1,0.6,0.7,2.5,2.67,2.0
68,2013-2014,Shannon Brown,SG,28,27-30,TOT,29,1,8.7,0.8,2.3,0.364,0.0,0.1,0.0,0.8,2.2,0.375,0.364,0.5,0.7,0.714,0.2,0.7,1.0,0.3,0.4,0.0,0.6,0.8,2.2,0.5,0.8
68,2013-2014,Shannon Brown,SG,28,27-30,SAS,10,1,10.3,0.8,2.8,0.286,0.0,0.2,0.0,0.8,2.6,0.308,0.286,0.7,0.9,0.778,0.1,1.2,1.3,0.5,0.1,0.0,0.8,1.2,2.3,0.62,-0.0
68,2013-2014,Shannon Brown,SG,28,27-30,NYK,19,0,7.8,0.8,2.0,0.421,0.0,0.0,0.0,0.8,2.0,0.421,0.421,0.4,0.6,0.667,0.3,0.5,0.8,0.2,0.6,0.0,0.5,0.6,2.1,0.4,1.2
69,2013-2014,Kobe Bryant,SG,35,35-38,LAL,6,6,29.5,5.2,12.2,0.425,0.5,2.7,0.188,4.7,9.5,0.491,0.445,3.0,3.5,0.857,0.3,4.0,4.3,6.3,1.2,0.2,5.7,1.5,13.8,1.11,11.1
70,2013-2014,Chase Budinger,SF,25,23-26,MIN,41,8,18.3,2.4,6.2,0.394,1.0,2.9,0.35,1.4,3.3,0.433,0.476,0.8,1.0,0.821,0.5,2.0,2.5,0.8,0.5,0.0,0.6,1.4,6.7,1.33,4.5
71,2013-2014,Reggie Bullock,SF,22,18-22,LAC,43,0,9.2,1.0,2.8,0.355,0.5,1.7,0.301,0.5,1.1,0.438,0.446,0.2,0.2,0.778,0.3,1.0,1.3,0.3,0.2,0.0,0.3,0.6,2.7,1.0,1.8
72,2013-2014,Trey Burke,PG,21,18-22,UTA,70,68,32.3,4.9,12.8,0.38,1.6,4.8,0.33,3.3,8.0,0.41,0.442,1.5,1.6,0.903,0.5,2.4,3.0,5.7,0.6,0.1,1.9,2.1,12.8,3.0,10.2
73,2013-2014,Alec Burks,SG,22,18-22,UTA,78,12,28.1,4.9,10.7,0.457,0.6,1.8,0.35,4.2,8.8,0.48,0.487,3.6,4.8,0.748,0.8,2.5,3.3,2.7,0.9,0.2,1.9,2.4,14.0,1.42,9.8
74,2013-2014,Caron Butler,SF,33,31-34,TOT,56,13,25.3,3.8,9.6,0.394,1.8,4.4,0.394,2.1,5.2,0.395,0.485,1.1,1.3,0.84,0.4,3.7,4.1,1.5,0.8,0.3,1.1,2.1,10.5,1.36,8.0
74,2013-2014,Caron Butler,SF,33,31-34,MIL,34,13,24.1,4.0,10.4,0.387,1.6,4.3,0.361,2.5,6.1,0.406,0.462,1.4,1.6,0.839,0.5,4.2,4.6,1.6,0.7,0.3,1.5,1.9,11.0,1.07,8.2
74,2013-2014,Caron Butler,SF,33,31-34,OKC,22,0,27.2,3.5,8.5,0.409,2.0,4.6,0.441,1.4,3.8,0.369,0.53,0.7,0.9,0.842,0.2,3.0,3.2,1.2,1.1,0.3,0.4,2.5,9.7,3.0,7.4
75,2013-2014,Jimmy Butler,SG,24,23-26,CHI,67,67,38.7,4.1,10.3,0.397,1.0,3.6,0.283,3.1,6.8,0.457,0.446,3.9,5.0,0.769,1.3,3.6,4.9,2.6,1.9,0.5,1.5,1.6,13.1,1.73,12.6
76,2013-2014,Rasual Butler,SG,34,31-34,IND,50,2,7.6,1.0,2.2,0.464,0.5,1.2,0.419,0.5,1.0,0.521,0.582,0.2,0.3,0.571,0.1,0.7,0.8,0.3,0.1,0.2,0.2,0.6,2.7,1.5,2.0
77,2013-2014,Dwight Buycks,PG,24,23-26,TOR,14,0,10.4,1.1,3.4,0.313,0.4,1.2,0.294,0.7,2.2,0.323,0.365,0.6,0.6,0.889,0.3,1.4,1.6,0.7,0.6,0.0,0.7,0.8,3.1,1.0,2.2
78,2013-2014,Andrew Bynum,C,26,23-26,TOT,26,19,19.8,3.6,8.7,0.418,0.0,0.0,0.0,3.6,8.7,0.418,0.418,1.4,1.9,0.755,2.0,3.5,5.6,1.1,0.2,1.1,1.3,1.2,8.7,0.85,8.6
78,2013-2014,Andrew Bynum,C,26,23-26,CLE,24,19,20.0,3.5,8.5,0.419,0.0,0.0,0.0,3.5,8.5,0.419,0.419,1.3,1.8,0.762,2.0,3.3,5.3,1.1,0.3,1.2,1.3,1.2,8.4,0.85,8.3
78,2013-2014,Andrew Bynum,C,26,23-26,IND,2,0,18.0,4.5,11.0,0.409,0.0,0.0,0.0,4.5,11.0,0.409,0.409,2.5,3.5,0.714,3.0,6.5,9.5,1.0,0.0,0.5,2.0,1.5,11.5,0.5,11.5
79,2013-2014,Will Bynum,PG,31,31-34,DET,56,3,18.8,3.3,7.7,0.428,0.4,1.1,0.323,2.9,6.6,0.446,0.451,1.7,2.2,0.802,0.4,1.3,1.8,3.9,0.7,0.1,1.8,2.2,8.7,2.17,6.3
80,2013-2014,Nick Calathes,SG,24,23-26,MEM,71,7,16.5,2.0,4.4,0.457,0.3,0.9,0.311,1.7,3.5,0.492,0.487,0.6,1.0,0.611,0.3,1.6,1.9,2.9,0.9,0.1,1.4,1.6,4.9,2.07,4.9
81,2013-2014,José Calderón,PG,32,31-34,DAL,81,81,30.5,4.2,9.2,0.456,2.4,5.2,0.449,1.9,4.0,0.464,0.584,0.6,0.8,0.825,0.4,2.0,2.4,4.7,0.9,0.1,1.3,1.7,11.4,3.62,11.3
82,2013-2014,Kentavious Caldwell-Pope,SG,20,18-22,DET,80,41,19.8,2.3,5.8,0.396,0.7,2.3,0.319,1.5,3.4,0.447,0.46,0.6,0.8,0.77,0.5,1.5,2.0,0.7,0.9,0.2,0.4,1.8,5.9,1.75,3.8
83,2013-2014,Isaiah Canaan,PG,22,18-22,HOU,22,0,11.5,1.4,4.0,0.356,0.8,2.5,0.327,0.6,1.5,0.406,0.46,1.0,1.3,0.724,0.3,0.8,1.1,1.0,0.4,0.2,1.0,1.1,4.6,1.0,2.3
84,2013-2014,DeMarre Carroll,SF,27,27-30,ATL,73,73,32.1,4.1,8.8,0.47,1.3,3.7,0.362,2.8,5.1,0.548,0.546,1.5,1.9,0.773,1.5,4.1,5.5,1.8,1.5,0.3,1.1,2.6,11.1,1.64,11.4
85,2013-2014,Vince Carter,SG,37,35-38,DAL,81,0,24.4,4.1,10.0,0.407,1.8,4.6,0.394,2.3,5.4,0.418,0.497,2.0,2.4,0.821,0.8,2.7,3.5,2.6,0.8,0.4,1.3,2.6,11.9,2.0,9.0
86,2013-2014,Michael Carter-Williams,PG,22,18-22,PHI,70,70,34.5,6.1,15.1,0.405,0.8,3.0,0.264,5.3,12.1,0.44,0.431,3.7,5.2,0.703,1.4,4.8,6.2,6.3,1.9,0.6,3.5,3.0,16.7,1.8,14.7
87,2013-2014,Omri Casspi,PF,25,23-26,HOU,71,2,18.1,2.4,5.8,0.422,0.9,2.5,0.347,1.6,3.3,0.479,0.496,1.2,1.7,0.68,0.8,2.9,3.7,1.2,0.6,0.2,1.0,1.4,6.9,1.2,6.3
88,2013-2014,Mario Chalmers,PG,27,27-30,MIA,73,73,29.8,3.5,7.7,0.454,1.2,3.1,0.385,2.3,4.6,0.5,0.531,1.7,2.2,0.742,0.6,2.4,2.9,4.9,1.6,0.2,2.2,2.9,9.8,2.23,9.6
89,2013-2014,Tyson Chandler,C,31,31-34,NYK,55,55,30.2,3.5,5.9,0.593,0.0,0.0,0.0,3.5,5.8,0.595,0.593,1.8,2.8,0.632,2.9,6.7,9.6,1.1,0.7,1.1,1.3,2.6,8.7,0.85,13.9
90,2013-2014,Wilson Chandler,SF,26,23-26,DEN,62,55,31.1,5.0,11.9,0.416,2.0,5.7,0.348,3.0,6.2,0.478,0.499,1.8,2.5,0.724,0.9,3.8,4.7,1.8,0.7,0.5,1.3,3.1,13.6,1.38,9.3
91,2013-2014,Josh Childress,SF,30,27-30,NOP,4,0,6.0,0.0,0.0,0.0,0.0,0.0,0.0,0.0,0.0,0.0,0.0,0.0,0.0,0.0,0.0,0.8,0.8,0.5,0.3,0.0,0.3,0.3,0.0,1.67,1.0
92,2013-2014,Dionte Christmas,SF,27,27-30,PHO,31,0,6.4,0.7,2.0,0.355,0.3,1.0,0.29,0.4,1.0,0.419,0.427,0.6,0.8,0.75,0.4,0.8,1.2,0.3,0.1,0.1,0.2,0.6,2.3,1.5,1.7
93,2013-2014,Earl Clark,PF,26,23-26,TOT,54,17,14.2,1.8,4.8,0.372,0.8,2.3,0.336,1.0,2.6,0.403,0.45,0.4,0.6,0.647,0.4,2.2,2.6,0.3,0.3,0.5,0.6,1.2,4.8,0.5,3.5
93,2013-2014,Earl Clark,PF,26,23-26,CLE,45,17,15.5,2.0,5.3,0.375,0.9,2.6,0.345,1.1,2.8,0.403,0.458,0.3,0.5,0.583,0.4,2.4,2.8,0.4,0.4,0.4,0.7,1.4,5.2,0.57,3.6
93,2013-2014,Earl Clark,PF,26,23-26,NYK,9,0,7.8,0.8,2.3,0.333,0.1,0.7,0.167,0.7,1.7,0.4,0.357,0.9,1.1,0.8,0.2,1.6,1.8,0.2,0.1,0.7,0.1,0.7,2.6,2.0,2.9
94,2013-2014,Ian Clark,SG,22,18-22,UTA,23,0,7.5,1.1,2.9,0.388,0.5,1.3,0.355,0.7,1.6,0.417,0.47,0.2,0.3,0.714,0.1,0.7,0.8,0.7,0.3,0.1,0.6,1.0,3.0,1.17,1.4
95,2013-2014,Victor Claver,SF,25,23-26,POR,21,0,8.8,0.8,2.0,0.405,0.1,0.9,0.167,0.7,1.1,0.583,0.44,0.5,0.5,0.909,0.4,1.4,1.9,0.6,0.1,0.1,0.5,0.8,2.2,1.2,2.4
96,2013-2014,Norris Cole,PG,25,23-26,MIA,82,6,24.6,2.5,6.1,0.414,0.7,2.1,0.345,1.8,4.0,0.451,0.474,0.6,0.8,0.779,0.2,1.7,2.0,3.0,0.9,0.1,1.5,1.9,6.4,2.0,5.2
97,2013-2014,Jason Collins,C,35,35-38,BRK,22,1,7.8,0.5,1.1,0.458,0.0,0.1,0.0,0.5,1.0,0.524,0.458,0.1,0.2,0.75,0.3,0.5,0.9,0.2,0.4,0.0,0.3,1.4,1.1,0.67,0.2
98,2013-2014,Darren Collison,PG,26,23-26,LAC,80,35,25.9,4.1,8.7,0.467,0.9,2.4,0.376,3.2,6.3,0.501,0.518,2.4,2.8,0.857,0.6,1.8,2.4,3.7,1.2,0.2,1.7,1.9,11.4,2.18,10.3
99,2013-2014,Nick Collison,PF,33,31-34,OKC,81,0,16.7,1.7,3.0,0.556,0.0,0.2,0.235,1.6,2.8,0.58,0.564,0.8,1.1,0.71,1.4,2.2,3.6,1.3,0.4,0.3,0.9,2.3,4.2,1.44,5.0
100,2013-2014,Mike Conley,PG,26,23-26,MEM,73,73,33.5,6.3,14.1,0.45,1.4,4.0,0.361,4.9,10.1,0.484,0.5,3.1,3.8,0.815,0.6,2.4,2.9,6.0,1.5,0.2,2.1,1.9,17.2,2.86,15.3
101,2013-2014,Chris Copeland,SF,29,27-30,IND,41,0,6.5,1.3,2.9,0.47,0.8,1.9,0.418,0.5,0.9,0.579,0.611,0.2,0.3,0.714,0.2,0.6,0.8,0.4,0.1,0.2,0.3,0.9,3.7,1.33,2.3
102,2013-2014,DeMarcus Cousins,C,23,23-26,SAC,71,71,32.4,8.3,16.8,0.496,0.0,0.1,0.0,8.3,16.7,0.499,0.496,6.1,8.4,0.726,3.1,8.6,11.7,2.9,1.5,1.3,3.5,3.8,22.7,0.83,22.0
103,2013-2014,Robert Covington,SF,23,23-26,HOU,7,0,4.9,0.9,2.0,0.429,0.6,1.6,0.364,0.3,0.4,0.667,0.571,0.0,0.0,0.0,0.3,0.4,0.7,0.0,0.3,0.0,0.1,0.4,2.3,0.0,1.7
104,2013-2014,Allen Crabbe,SG,21,18-22,POR,15,0,6.7,0.8,2.2,0.364,0.4,0.9,0.429,0.4,1.3,0.316,0.455,0.2,0.3,0.75,0.1,0.5,0.6,0.4,0.1,0.1,0.2,0.7,2.2,2.0,1.0
105,2013-2014,Jamal Crawford,SG,33,31-34,LAC,69,24,30.3,6.1,14.7,0.416,2.3,6.5,0.361,3.8,8.2,0.46,0.496,4.0,4.7,0.866,0.5,1.8,2.3,3.2,0.9,0.2,2.0,1.7,18.6,1.6,12.2
106,2013-2014,Jordan Crawford,SG-PG,25,23-26,TOT,81,35,23.0,4.0,9.7,0.415,1.1,3.5,0.316,2.9,6.2,0.471,0.472,1.8,2.1,0.864,0.3,1.9,2.3,3.5,0.6,0.1,1.7,1.5,11.0,2.06,8.3
106,2013-2014,Jordan Crawford,PG,25,23-26,BOS,39,35,30.7,4.8,11.7,0.413,1.3,4.0,0.318,3.5,7.6,0.463,0.468,2.8,3.2,0.873,0.5,2.6,3.1,5.7,0.9,0.1,2.2,1.9,13.7,2.59,12.1
106,2013-2014,Jordan Crawford,SG,25,23-26,GSW,42,0,15.7,3.3,7.9,0.417,1.0,3.0,0.313,2.4,4.9,0.483,0.477,0.9,1.0,0.837,0.2,1.3,1.5,1.4,0.3,0.0,1.2,1.0,8.4,1.17,4.7
107,2013-2014,Jae Crowder,SF,23,23-26,DAL,78,8,16.1,1.7,3.8,0.439,0.6,1.9,0.331,1.0,1.9,0.552,0.524,0.6,0.8,0.754,0.6,1.9,2.5,0.8,0.8,0.3,0.5,1.3,4.6,1.6,4.9
108,2013-2014,Dante Cunningham,PF,26,23-26,MIN,81,7,20.2,2.9,6.3,0.464,0.0,0.1,0.0,2.9,6.2,0.468,0.464,0.5,0.8,0.567,1.4,2.7,4.1,1.0,0.8,0.7,0.5,1.8,6.3,2.0,6.9
109,2013-2014,Jared Cunningham,SG,22,18-22,TOT,13,0,6.2,0.5,1.6,0.286,0.1,0.5,0.143,0.4,1.1,0.357,0.31,1.0,1.2,0.813,0.1,0.4,0.5,0.6,0.2,0.0,0.2,1.2,2.0,3.0,0.6
109,2013-2014,Jared Cunningham,SG,22,18-22,ATL,5,0,4.4,0.2,0.4,0.5,0.0,0.2,0.0,0.2,0.2,1.0,0.5,0.0,0.4,0.0,0.0,0.2,0.2,0.6,0.0,0.0,0.4,0.6,0.4,1.5,-0.4
109,2013-2014,Jared Cunningham,SG,22,18-22,SAC,8,0,7.3,0.6,2.4,0.263,0.1,0.8,0.167,0.5,1.6,0.308,0.289,1.6,1.8,0.929,0.1,0.5,0.6,0.6,0.4,0.0,0.0,1.6,3.0,0.0,1.0
110,2013-2014,Seth Curry,PG,23,23-26,TOT,2,0,6.5,0.5,1.5,0.333,0.5,0.5,1.0,0.0,1.0,0.0,0.5,0.0,0.0,0.0,0.0,0.5,0.5,0.0,1.0,0.0,0.0,0.0,1.5,-1.0,2.0
110,2013-2014,Seth Curry,PG,23,23-26,MEM,1,0,4.0,0.0,0.0,0.0,0.0,0.0,0.0,0.0,0.0,0.0,0.0,0.0,0.0,0.0,0.0,0.0,0.0,0.0,0.0,0.0,0.0,0.0,0.0,-1.0,0.0
110,2013-2014,Seth Curry,PG,23,23-26,CLE,1,0,9.0,1.0,3.0,0.333,1.0,1.0,1.0,0.0,2.0,0.0,0.5,0.0,0.0,0.0,0.0,1.0,1.0,0.0,2.0,0.0,0.0,0.0,3.0,-1.0,4.0
111,2013-2014,Stephen Curry,PG,25,23-26,GSW,78,78,36.5,8.4,17.7,0.471,3.3,7.9,0.424,5.0,9.8,0.509,0.566,3.9,4.5,0.885,0.6,3.7,4.3,8.5,1.6,0.2,3.8,2.5,24.0,2.24,22.4
112,2013-2014,Samuel Dalembert,C,32,31-34,DAL,80,68,20.2,2.7,4.7,0.568,0.0,0.0,0.0,2.7,4.7,0.569,0.568,1.3,1.7,0.737,2.5,4.3,6.8,0.5,0.5,1.2,1.1,2.6,6.6,0.45,9.5
113,2013-2014,Troy Daniels,SG,22,18-22,HOU,5,1,15.0,3.0,6.2,0.484,2.4,5.0,0.48,0.6,1.2,0.5,0.677,0.0,0.0,0.0,0.0,0.8,0.8,1.0,0.0,0.0,0.6,1.2,8.4,1.67,5.2
114,2013-2014,Gigi Datome,SF,26,23-26,DET,34,0,7.0,1.0,2.9,0.351,0.2,1.1,0.179,0.8,1.7,0.466,0.387,0.2,0.3,0.8,0.4,0.9,1.4,0.3,0.2,0.0,0.3,0.6,2.4,1.0,1.4
115,2013-2014,Brandon Davies,PF,22,18-22,PHI,51,0,11.3,1.1,2.5,0.422,0.0,0.2,0.2,1.0,2.3,0.441,0.43,0.7,1.0,0.642,0.7,1.4,2.1,0.5,0.5,0.2,0.7,1.8,2.8,0.71,1.9
116,2013-2014,Anthony Davis,PF,20,18-22,NOP,67,66,35.2,7.8,15.0,0.519,0.0,0.1,0.222,7.8,14.9,0.522,0.52,5.2,6.6,0.791,3.1,7.0,10.0,1.6,1.3,2.8,1.6,3.0,20.8,1.0,23.3
117,2013-2014,Ed Davis,PF,24,23-26,MEM,63,4,15.2,2.5,4.6,0.534,0.0,0.0,0.0,2.5,4.6,0.534,0.534,0.7,1.4,0.528,1.5,2.7,4.1,0.4,0.3,0.7,0.6,1.8,5.7,0.67,6.0
118,2013-2014,Glen Davis,PF,28,27-30,TOT,68,44,24.4,4.0,8.7,0.457,0.1,0.2,0.364,3.9,8.6,0.459,0.46,1.4,2.0,0.693,1.6,3.6,5.2,1.1,0.9,0.4,1.1,2.3,9.4,1.0,8.3
118,2013-2014,Glen Davis,PF,28,27-30,ORL,45,43,30.1,5.2,11.4,0.453,0.1,0.2,0.4,5.1,11.2,0.454,0.457,1.7,2.5,0.675,1.9,4.3,6.3,1.6,1.0,0.5,1.3,2.5,12.1,1.23,10.7
118,2013-2014,Glen Davis,PF,28,27-30,LAC,23,1,13.4,1.7,3.5,0.481,0.0,0.0,0.0,1.7,3.5,0.488,0.481,0.8,1.0,0.783,0.9,2.1,3.0,0.3,0.5,0.3,0.7,2.1,4.2,0.43,3.5
119,2013-2014,Austin Daye,SF,25,23-26,TOT,22,1,6.7,1.1,3.1,0.353,0.5,1.7,0.324,0.5,1.4,0.387,0.441,0.3,0.5,0.6,0.2,1.0,1.2,0.4,0.2,0.2,0.2,0.8,3.0,2.0,1.8
119,2013-2014,Austin Daye,SF,25,23-26,TOR,8,0,4.1,0.4,1.6,0.231,0.0,1.0,0.0,0.4,0.6,0.6,0.231,0.3,0.4,0.667,0.3,0.6,0.9,0.3,0.0,0.0,0.0,0.5,1.0,0.0,0.4
119,2013-2014,Austin Daye,SF,25,23-26,SAS,14,1,8.2,1.5,3.9,0.382,0.9,2.1,0.414,0.6,1.9,0.346,0.491,0.3,0.5,0.571,0.2,1.2,1.4,0.4,0.3,0.3,0.4,1.0,4.1,1.0,2.5
120,2013-2014,Nando De Colo,SF,26,23-26,TOT,47,3,10.5,1.4,3.3,0.418,0.4,1.1,0.34,1.0,2.1,0.46,0.477,0.7,0.7,0.886,0.3,1.3,1.6,1.4,0.5,0.1,0.7,1.0,3.8,2.0,3.8
120,2013-2014,Nando De Colo,SF,26,23-26,SAS,26,3,11.6,1.6,3.6,0.452,0.4,1.2,0.323,1.2,2.4,0.516,0.505,0.7,0.8,0.818,0.2,1.5,1.7,1.2,0.6,0.1,0.8,1.0,4.3,1.5,4.0
120,2013-2014,Nando De Colo,SF,26,23-26,TOR,21,0,9.2,1.0,2.9,0.367,0.4,1.0,0.364,0.7,1.8,0.368,0.433,0.6,0.6,1.0,0.4,1.0,1.3,1.6,0.3,0.1,0.7,1.1,3.1,2.29,2.7
121,2013-2014,Dewayne Dedmon,C,24,23-26,TOT,31,6,12.6,1.2,2.7,0.458,0.0,0.0,0.0,1.2,2.7,0.458,0.458,0.7,1.0,0.656,1.2,2.9,4.1,0.2,0.2,0.7,0.6,2.1,3.1,0.33,3.8
121,2013-2014,Dewayne Dedmon,C,24,23-26,GSW,4,0,1.5,0.0,0.3,0.0,0.0,0.0,0.0,0.0,0.3,0.0,0.0,0.3,0.5,0.5,0.0,0.0,0.0,0.0,0.0,0.0,0.0,0.3,0.3,-1.0,-0.5
121,2013-2014,Dewayne Dedmon,C,24,23-26,PHI,11,0,13.6,1.4,2.6,0.517,0.0,0.0,0.0,1.4,2.6,0.517,0.517,0.6,1.2,0.538,1.0,3.5,4.5,0.3,0.0,0.8,0.8,2.5,3.4,0.37,3.9
121,2013-2014,Dewayne Dedmon,C,24,23-26,ORL,16,6,14.6,1.4,3.3,0.434,0.0,0.0,0.0,1.4,3.3,0.434,0.434,0.8,1.1,0.765,1.7,3.2,4.9,0.1,0.4,0.8,0.6,2.3,3.7,0.17,4.8
122,2013-2014,Matthew Dellavedova,SG,23,23-26,CLE,72,4,17.7,1.7,4.1,0.412,0.8,2.2,0.368,0.9,2.0,0.461,0.508,0.5,0.7,0.792,0.4,1.3,1.7,2.6,0.5,0.1,0.8,1.7,4.7,3.25,4.5
123,2013-2014,Luol Deng,SF,28,27-30,TOT,63,63,35.1,5.9,13.7,0.431,0.9,3.0,0.302,5.0,10.7,0.468,0.465,3.4,4.3,0.791,1.6,4.2,5.7,2.9,1.0,0.1,1.8,1.8,16.0,1.61,13.4
123,2013-2014,Luol Deng,SF,28,27-30,CHI,23,23,37.4,7.0,15.4,0.452,0.7,2.7,0.274,6.2,12.7,0.49,0.476,4.4,5.4,0.815,1.7,5.1,6.9,3.7,1.0,0.2,2.6,2.3,19.0,1.42,16.5
123,2013-2014,Luol Deng,SF,28,27-30,CLE,40,40,33.8,5.3,12.7,0.417,1.0,3.2,0.315,4.3,9.5,0.451,0.457,2.8,3.6,0.771,1.5,3.6,5.1,2.5,1.0,0.1,1.4,1.5,14.3,1.79,11.9
124,2013-2014,DeMar DeRozan,SG,24,23-26,TOR,79,79,38.2,7.6,17.8,0.429,0.8,2.7,0.305,6.8,15.2,0.451,0.452,6.6,8.0,0.824,0.6,3.7,4.3,4.0,1.1,0.4,2.2,2.5,22.7,1.82,16.2
125,2013-2014,Boris Diaw,PF,31,31-34,SAS,79,24,25.0,3.8,7.3,0.521,0.6,1.4,0.402,3.3,5.9,0.549,0.559,0.9,1.2,0.739,0.9,3.2,4.1,2.8,0.6,0.4,1.5,1.8,9.1,1.87,9.9
126,2013-2014,Gorgui Dieng,C,24,23-26,MIN,60,15,13.6,1.9,3.8,0.498,0.0,0.0,1.0,1.9,3.8,0.496,0.5,1.0,1.6,0.634,1.7,3.3,5.0,0.7,0.5,0.8,0.9,1.8,4.8,0.78,6.6
127,2013-2014,Toney Douglas,PG,27,27-30,TOT,51,17,13.2,1.4,3.7,0.384,0.6,2.0,0.304,0.8,1.7,0.477,0.466,0.5,0.7,0.735,0.4,1.4,1.7,1.3,0.4,0.1,0.7,1.6,4.0,1.86,2.7
127,2013-2014,Toney Douglas,PG,27,27-30,GSW,24,0,11.0,1.3,3.6,0.372,0.8,2.5,0.322,0.5,1.1,0.481,0.483,0.2,0.3,0.625,0.2,0.9,1.1,0.8,0.3,0.1,0.7,1.4,3.7,1.14,1.5
127,2013-2014,Toney Douglas,PG,27,27-30,MIA,27,17,15.2,1.5,3.9,0.394,0.4,1.6,0.279,1.1,2.3,0.475,0.452,0.7,1.0,0.769,0.5,1.7,2.3,1.8,0.5,0.1,0.7,1.7,4.2,2.57,3.8
128,2013-2014,Chris Douglas-Roberts,SF,27,27-30,CHA,49,8,20.7,2.3,5.1,0.44,1.0,2.7,0.386,1.2,2.4,0.5,0.542,1.3,1.7,0.805,0.3,2.1,2.4,1.0,0.6,0.3,0.7,1.2,6.9,1.43,6.1
129,2013-2014,Goran Dragić,SG,27,27-30,PHO,76,75,35.1,7.3,14.4,0.505,1.6,3.9,0.408,5.7,10.4,0.542,0.561,4.2,5.5,0.76,0.9,2.3,3.2,5.9,1.4,0.3,2.8,2.7,20.3,2.11,17.2
130,2013-2014,Andre Drummond,C,20,18-22,DET,81,81,32.3,5.9,9.5,0.623,0.0,0.0,0.0,5.9,9.5,0.625,0.623,1.7,4.0,0.418,5.4,7.8,13.2,0.4,1.2,1.6,1.4,3.4,13.5,0.29,19.2
131,2013-2014,Jared Dudley,SF,28,27-30,LAC,74,43,23.4,2.6,6.0,0.438,1.1,3.0,0.36,1.6,3.0,0.518,0.529,0.5,0.8,0.655,0.5,1.7,2.2,1.4,0.6,0.1,0.8,2.0,6.9,1.75,4.7
132,2013-2014,Tim Duncan,C,37,35-38,SAS,74,74,29.2,6.0,12.2,0.49,0.0,0.1,0.0,6.0,12.2,0.493,0.49,3.1,4.3,0.731,2.1,7.6,9.7,3.0,0.6,1.9,2.1,1.8,15.1,1.43,19.0
133,2013-2014,Mike Dunleavy,SF,33,31-34,CHI,82,61,31.5,4.1,9.4,0.43,1.5,4.0,0.38,2.6,5.5,0.467,0.51,1.7,2.0,0.854,0.6,3.6,4.2,2.3,0.8,0.6,1.3,2.0,11.3,1.77,10.3
134,2013-2014,Kevin Durant,SF,25,23-26,OKC,81,81,38.5,10.5,20.8,0.503,2.4,6.1,0.391,8.1,14.8,0.549,0.56,8.7,9.9,0.873,0.7,6.7,7.4,5.5,1.3,0.7,3.5,2.1,32.0,1.57,29.8
135,2013-2014,Shane Edwards,SF,26,23-26,CLE,2,0,6.0,0.5,1.5,0.333,0.0,0.0,0.0,0.5,1.5,0.333,0.333,0.0,0.0,0.0,0.5,0.5,1.0,0.0,0.0,0.0,0.5,0.5,1.0,0.0,0.0
136,2013-2014,Wayne Ellington,SG,26,23-26,DAL,45,1,8.7,1.2,2.8,0.437,0.6,1.3,0.424,0.7,1.5,0.448,0.536,0.2,0.2,0.909,0.2,0.8,1.0,0.4,0.4,0.0,0.2,0.7,3.2,2.0,2.5
137,2013-2014,Monta Ellis,SG,28,27-30,DAL,82,82,36.9,7.0,15.6,0.451,0.8,2.5,0.33,6.2,13.0,0.474,0.478,4.1,5.2,0.788,0.5,3.1,3.6,5.7,1.7,0.3,3.2,2.4,19.0,1.78,15.0
138,2013-2014,Melvin Ely,C,35,35-38,NOP,2,0,13.5,1.5,3.0,0.5,0.0,0.0,0.0,1.5,3.0,0.5,0.5,0.0,0.0,0.0,0.0,0.5,0.5,0.0,0.0,0.5,0.0,2.5,3.0,-1.0,0.0
139,2013-2014,Jeremy Evans,SF,26,23-26,UTA,66,4,18.3,2.7,5.0,0.527,0.0,0.0,0.0,2.7,5.0,0.53,0.527,0.8,1.1,0.68,1.8,2.9,4.7,0.7,0.6,0.7,0.6,2.1,6.1,1.17,7.5
140,2013-2014,Reggie Evans,PF,33,31-34,TOT,54,20,16.6,1.3,2.8,0.473,0.0,0.0,0.0,1.3,2.8,0.473,0.473,1.3,2.4,0.554,2.1,4.1,6.2,0.4,0.7,0.1,1.1,2.2,4.0,0.36,5.5
140,2013-2014,Reggie Evans,PF,33,31-34,BRK,30,6,13.3,0.8,2.0,0.39,0.0,0.0,0.0,0.8,2.0,0.39,0.39,1.2,2.2,0.538,1.8,3.2,5.0,0.2,0.4,0.1,0.9,1.8,2.7,0.22,3.5
140,2013-2014,Reggie Evans,PF,33,31-34,SAC,24,14,20.8,2.0,3.8,0.527,0.0,0.0,0.0,2.0,3.8,0.527,0.527,1.5,2.7,0.569,2.6,5.1,7.7,0.7,1.0,0.0,1.3,2.7,5.5,0.54,7.9
141,2013-2014,Tyreke Evans,SF,24,23-26,NOP,72,22,28.2,5.4,12.5,0.436,0.3,1.3,0.221,5.1,11.1,0.461,0.448,3.3,4.3,0.771,1.1,3.7,4.7,5.0,1.2,0.3,2.4,2.2,14.5,2.08,13.0
142,2013-2014,Kenneth Faried,PF,24,23-26,DEN,80,77,27.2,5.6,10.3,0.545,0.0,0.0,0.0,5.6,10.2,0.547,0.545,2.5,3.9,0.65,3.0,5.6,8.6,1.2,0.9,0.9,1.7,2.4,13.7,0.71,15.1
143,2013-2014,Jordan Farmar,PG,27,27-30,LAL,41,5,22.2,3.7,8.9,0.415,1.7,3.9,0.438,2.0,5.0,0.397,0.511,1.1,1.4,0.746,0.5,2.0,2.5,4.9,0.9,0.2,2.3,1.6,10.1,2.13,9.2
144,2013-2014,Vítor Luiz Faverani,C,25,23-26,BOS,37,8,13.2,1.7,4.0,0.435,0.3,1.1,0.3,1.4,2.9,0.486,0.476,0.6,1.0,0.649,1.1,2.3,3.5,0.4,0.4,0.7,1.1,2.0,4.4,0.36,3.6
145,2013-2014,Derrick Favors,PF,22,18-22,UTA,73,73,30.2,5.3,10.2,0.522,0.0,0.0,0.0,5.3,10.2,0.523,0.522,2.6,3.9,0.669,2.7,6.0,8.7,1.2,1.0,1.5,1.8,3.2,13.3,0.67,14.5
146,2013-2014,Carrick Felix,SG,23,23-26,CLE,7,0,5.4,1.0,2.0,0.5,0.3,0.7,0.4,0.7,1.3,0.556,0.571,0.4,0.6,0.75,0.1,0.7,0.9,0.6,0.0,0.0,0.6,0.6,2.7,1.0,1.8
147,2013-2014,Raymond Felton,PG,29,27-30,NYK,65,65,31.0,3.7,9.4,0.395,1.0,3.0,0.318,2.7,6.4,0.431,0.446,1.4,1.9,0.721,0.8,2.2,3.0,5.6,1.2,0.4,2.0,2.4,9.7,2.8,9.3
148,2013-2014,Landry Fields,SF,25,23-26,TOR,30,2,10.7,0.9,2.2,0.403,0.0,0.2,0.0,0.9,2.1,0.435,0.403,0.5,0.7,0.636,0.5,1.5,2.0,0.7,0.3,0.1,0.4,0.8,2.3,1.75,2.7
149,2013-2014,Derek Fisher,SG,39,39+,OKC,81,0,17.6,1.7,4.5,0.391,1.1,2.8,0.384,0.7,1.6,0.402,0.512,0.7,0.9,0.775,0.1,1.4,1.5,1.4,0.9,0.0,0.6,1.9,5.2,2.33,3.5
150,2013-2014,Evan Fournier,SG,21,18-22,DEN,76,4,19.8,3.0,7.2,0.419,1.2,3.1,0.376,1.8,4.0,0.453,0.501,1.2,1.6,0.756,0.4,2.2,2.7,1.5,0.4,0.1,1.3,2.4,8.4,1.15,4.8
151,2013-2014,Randy Foye,SG,30,27-30,DEN,81,78,30.7,4.5,10.8,0.413,2.3,6.1,0.38,2.1,4.7,0.456,0.521,1.9,2.3,0.849,0.4,2.4,2.9,3.5,0.8,0.5,1.8,2.5,13.2,1.94,9.9
152,2013-2014,Jamaal Franklin,SG,22,18-22,MEM,21,0,7.7,0.8,1.9,0.41,0.2,0.5,0.455,0.5,1.3,0.393,0.474,0.1,0.1,1.0,0.2,0.9,1.1,0.3,0.2,0.1,0.5,1.1,1.9,0.6,0.9
153,2013-2014,Jimmer Fredette,SG,24,23-26,TOT,49,0,10.6,2.2,4.6,0.471,0.8,1.7,0.476,1.4,2.9,0.469,0.559,0.4,0.4,0.905,0.2,0.9,1.1,1.3,0.3,0.1,1.0,0.7,5.6,1.3,4.3
153,2013-2014,Jimmer Fredette,SG,24,23-26,SAC,41,0,11.3,2.3,4.8,0.475,0.9,1.8,0.493,1.4,3.0,0.464,0.566,0.4,0.5,0.895,0.2,0.9,1.1,1.5,0.3,0.1,1.1,0.7,5.9,1.36,4.5
153,2013-2014,Jimmer Fredette,SG,24,23-26,CHI,8,0,7.0,1.6,3.6,0.448,0.5,1.4,0.364,1.1,2.3,0.5,0.517,0.3,0.3,1.0,0.1,0.8,0.9,0.4,0.0,0.0,0.5,0.9,4.0,0.8,1.9
154,2013-2014,Enes Freedom,C,21,18-22,UTA,80,37,26.7,5.2,10.7,0.491,0.0,0.0,0.0,5.2,10.7,0.492,0.491,1.9,2.6,0.73,2.8,4.7,7.5,0.9,0.4,0.5,1.8,2.9,12.3,0.5,10.7
155,2013-2014,Joel Freeland,C,26,23-26,POR,52,0,14.0,1.5,3.1,0.475,0.0,0.0,0.0,1.5,3.1,0.481,0.475,0.4,0.6,0.69,1.7,2.3,4.0,0.7,0.2,0.4,0.6,1.8,3.3,1.17,4.4
156,2013-2014,Channing Frye,PF,30,27-30,PHO,82,82,28.2,4.1,9.5,0.432,2.0,5.3,0.37,2.1,4.2,0.509,0.535,1.0,1.2,0.821,0.9,4.2,5.1,1.2,0.7,0.8,1.1,3.0,11.1,1.09,9.2
157,2013-2014,Francisco García,SF,32,31-34,HOU,55,4,19.7,2.1,5.3,0.401,1.3,3.5,0.358,0.9,1.8,0.485,0.519,0.2,0.3,0.526,0.4,1.8,2.2,1.1,0.5,0.6,0.5,2.2,5.7,2.2,4.1
158,2013-2014,Kevin Garnett,C,37,35-38,BRK,54,54,20.5,2.9,6.6,0.441,0.0,0.1,0.0,2.9,6.5,0.445,0.441,0.7,0.9,0.809,1.1,5.5,6.6,1.5,0.8,0.7,1.3,2.3,6.5,1.15,8.6
159,2013-2014,Diante Garrett,PG,25,23-26,UTA,71,0,14.8,1.4,3.7,0.381,0.5,1.4,0.375,0.9,2.4,0.385,0.449,0.1,0.2,0.833,0.2,1.2,1.4,1.7,0.6,0.1,1.1,1.1,3.5,1.55,2.7
160,2013-2014,Marc Gasol,C,29,27-30,MEM,59,59,33.4,5.7,12.1,0.473,0.0,0.2,0.182,5.7,11.9,0.477,0.474,3.1,4.1,0.768,1.4,5.8,7.2,3.6,1.0,1.3,1.9,2.5,14.6,1.89,15.9
161,2013-2014,Pau Gasol,C,33,31-34,LAL,60,60,31.4,7.1,14.8,0.48,0.1,0.2,0.286,7.0,14.5,0.483,0.482,3.1,4.2,0.736,2.1,7.6,9.7,3.4,0.5,1.5,2.4,2.1,17.4,1.42,19.2
162,2013-2014,Rudy Gay,SF,27,27-30,TOT,73,73,34.7,7.4,16.2,0.455,0.9,2.7,0.33,6.5,13.5,0.481,0.483,4.4,5.3,0.822,1.5,4.4,6.0,2.9,1.3,0.8,3.1,2.3,20.0,0.94,15.9
162,2013-2014,Rudy Gay,SF,27,27-30,TOR,18,18,35.5,7.2,18.6,0.388,1.2,3.3,0.373,6.0,15.3,0.391,0.421,3.8,4.9,0.773,1.6,5.8,7.4,2.2,1.6,1.3,3.3,2.6,19.4,0.67,13.5
162,2013-2014,Rudy Gay,SF,27,27-30,SAC,55,55,34.4,7.4,15.3,0.482,0.8,2.5,0.312,6.6,12.8,0.516,0.508,4.5,5.4,0.836,1.5,4.0,5.5,3.1,1.2,0.6,3.0,2.3,20.1,1.03,16.4
163,2013-2014,Alonzo Gee,SF,26,23-26,CLE,65,24,15.7,1.5,3.6,0.415,0.3,0.9,0.328,1.2,2.7,0.444,0.456,0.7,0.9,0.705,0.5,1.8,2.3,0.7,0.6,0.2,0.7,1.5,4.0,1.0,3.3
164,2013-2014,Paul George,SF,23,23-26,IND,80,80,36.2,7.2,17.0,0.424,2.3,6.3,0.364,4.9,10.8,0.458,0.49,5.0,5.8,0.864,0.8,6.0,6.8,3.5,1.9,0.3,2.8,2.5,21.7,1.25,18.3
165,2013-2014,Taj Gibson,PF,28,27-30,CHI,82,8,28.7,5.2,10.9,0.479,0.0,0.1,0.0,5.2,10.8,0.483,0.479,2.6,3.4,0.751,2.4,4.4,6.8,1.1,0.5,1.4,1.8,2.5,13.0,0.61,12.0
166,2013-2014,Manu Ginóbili,SG,36,35-38,SAS,68,3,22.8,4.3,9.2,0.469,1.3,3.8,0.349,3.0,5.4,0.553,0.541,2.4,2.8,0.851,0.4,2.5,3.0,4.3,1.0,0.3,2.0,1.9,12.3,2.15,11.7
167,2013-2014,Rudy Gobert,C,21,18-22,UTA,45,0,9.6,0.8,1.6,0.486,0.0,0.0,0.0,0.8,1.6,0.486,0.486,0.7,1.4,0.492,1.1,2.3,3.4,0.2,0.2,0.9,0.7,1.3,2.3,0.29,3.5
168,2013-2014,Ryan Gomes,SF,31,31-34,OKC,5,0,6.8,0.6,1.6,0.375,0.0,0.4,0.0,0.6,1.2,0.5,0.375,0.0,0.0,0.0,0.0,0.8,0.8,0.2,0.0,0.0,0.2,1.0,1.2,1.0,0.0
169,2013-2014,Drew Gooden,C,32,31-34,WAS,22,0,18.0,3.5,6.5,0.531,0.3,0.8,0.412,3.1,5.7,0.548,0.556,1.1,1.2,0.889,1.7,3.5,5.2,0.7,0.5,0.3,0.8,2.4,8.3,0.87,8.7
170,2013-2014,Archie Goodwin,SG,19,18-22,PHO,52,0,10.3,1.5,3.2,0.455,0.1,0.7,0.139,1.4,2.5,0.542,0.47,0.7,1.1,0.673,0.5,1.2,1.7,0.4,0.4,0.2,0.8,0.9,3.7,0.5,2.6
171,2013-2014,Ben Gordon,SG,30,27-30,CHA,19,0,14.7,1.9,5.7,0.343,0.4,1.5,0.276,1.5,4.2,0.367,0.38,0.9,1.1,0.81,0.2,1.3,1.4,1.1,0.5,0.1,1.1,0.9,5.2,1.0,2.3
172,2013-2014,Eric Gordon,SG,25,23-26,NOP,64,64,32.1,5.6,12.8,0.436,1.6,4.0,0.391,4.0,8.7,0.456,0.498,2.7,3.5,0.785,0.5,2.1,2.6,3.3,1.2,0.2,2.1,1.8,15.4,1.57,10.8
173,2013-2014,Marcin Gortat,C,29,27-30,WAS,81,80,32.8,5.6,10.4,0.542,0.0,0.0,1.0,5.6,10.4,0.541,0.542,1.9,2.8,0.686,2.5,7.0,9.5,1.7,0.5,1.5,1.6,2.5,13.2,1.06,16.6
174,2013-2014,Danny Granger,SF,30,27-30,TOT,41,2,20.7,2.8,7.5,0.378,1.0,3.1,0.336,1.8,4.4,0.408,0.448,1.5,1.6,0.94,0.8,2.5,3.2,1.0,0.3,0.4,1.1,1.5,8.2,0.91,5.7
174,2013-2014,Danny Granger,SF,30,27-30,IND,29,2,22.5,2.8,7.7,0.359,1.1,3.2,0.33,1.7,4.4,0.38,0.428,1.8,1.8,0.962,0.8,2.8,3.6,1.1,0.3,0.4,1.2,1.4,8.3,0.92,6.2
174,2013-2014,Danny Granger,SF,30,27-30,LAC,12,0,16.2,3.0,7.0,0.429,1.0,2.8,0.353,2.0,4.2,0.48,0.5,1.0,1.2,0.857,0.6,1.8,2.3,0.7,0.3,0.3,0.8,1.8,8.0,0.87,4.8
175,2013-2014,Aaron Gray,C,29,27-30,TOT,37,6,9.6,0.7,1.6,0.443,0.0,0.0,0.0,0.7,1.6,0.45,0.443,0.3,0.5,0.55,1.1,1.9,3.0,0.6,0.3,0.2,0.8,1.7,1.8,0.75,2.3
175,2013-2014,Aaron Gray,C,29,27-30,TOR,4,0,5.0,0.5,0.8,0.667,0.0,0.0,0.0,0.5,0.8,0.667,0.667,0.3,0.5,0.5,0.8,1.3,2.0,0.8,0.0,0.0,1.0,1.8,1.3,0.8,0.8
175,2013-2014,Aaron Gray,C,29,27-30,SAC,33,6,10.2,0.8,1.8,0.431,0.0,0.0,0.0,0.8,1.7,0.439,0.431,0.3,0.5,0.556,1.2,1.9,3.1,0.6,0.3,0.2,0.8,1.7,1.8,0.75,2.3
176,2013-2014,Danny Green,SG,26,23-26,SAS,68,59,24.3,3.2,7.4,0.432,1.9,4.7,0.415,1.3,2.8,0.46,0.562,0.7,0.9,0.794,0.4,3.0,3.4,1.5,1.0,0.9,1.1,1.6,9.1,1.36,8.8
177,2013-2014,Draymond Green,SF,23,23-26,GSW,82,12,21.9,2.3,5.6,0.407,0.7,2.0,0.333,1.6,3.6,0.449,0.467,1.0,1.5,0.667,1.0,3.9,5.0,1.9,1.2,0.9,1.1,2.8,6.2,1.73,7.5
178,2013-2014,Gerald Green,SG,28,27-30,PHO,82,48,28.4,5.5,12.3,0.445,2.5,6.2,0.4,3.0,6.0,0.492,0.547,2.4,2.8,0.848,0.6,2.8,3.4,1.5,0.9,0.5,1.8,2.7,15.8,0.83,10.4
179,2013-2014,Jeff Green,SF,27,27-30,BOS,82,82,34.2,5.9,14.3,0.412,1.6,4.8,0.341,4.2,9.5,0.448,0.469,3.5,4.3,0.795,0.7,4.0,4.6,1.7,0.7,0.6,2.0,2.2,16.9,0.85,11.1
180,2013-2014,Willie Green,SG,32,31-34,LAC,55,9,15.8,1.9,4.9,0.376,0.7,2.2,0.339,1.1,2.7,0.407,0.452,0.5,0.6,0.824,0.2,1.2,1.4,0.9,0.4,0.2,0.6,1.7,5.0,1.5,2.5
181,2013-2014,Blake Griffin,PF,24,23-26,LAC,80,80,35.8,9.0,17.0,0.528,0.2,0.6,0.273,8.8,16.4,0.537,0.533,6.0,8.4,0.715,2.4,7.1,9.5,3.9,1.2,0.6,2.8,3.3,24.1,1.39,22.8
182,2013-2014,Jorge Gutiérrez,PG,25,23-26,BRK,15,2,16.3,1.7,3.6,0.463,0.2,0.8,0.25,1.5,2.8,0.524,0.491,0.6,0.8,0.75,0.2,1.3,1.5,2.0,0.7,0.1,0.9,2.5,4.1,2.22,2.9
183,2013-2014,Jordan Hamilton,SF,23,23-26,TOT,60,12,17.0,2.5,6.3,0.391,1.2,3.3,0.354,1.3,3.0,0.433,0.484,0.7,0.9,0.784,0.5,2.7,3.2,0.9,0.7,0.3,0.8,1.1,6.7,1.12,5.9
183,2013-2014,Jordan Hamilton,SF,23,23-26,DEN,39,11,17.2,2.5,6.5,0.39,1.2,3.3,0.349,1.4,3.2,0.432,0.478,0.6,0.8,0.742,0.6,2.8,3.4,0.9,0.8,0.3,0.7,0.8,6.8,1.29,6.5
183,2013-2014,Jordan Hamilton,SF,23,23-26,HOU,21,1,16.6,2.3,5.8,0.393,1.2,3.3,0.362,1.1,2.5,0.434,0.496,0.8,1.0,0.85,0.4,2.5,2.9,0.9,0.6,0.3,0.9,1.7,6.6,1.0,5.0
184,2013-2014,Justin Hamilton,C,23,23-26,TOT,8,0,9.0,1.1,2.5,0.45,0.4,1.1,0.333,0.8,1.4,0.545,0.525,0.6,0.6,1.0,0.5,0.4,0.9,0.0,0.6,0.0,0.5,1.0,3.3,0.0,1.9
184,2013-2014,Justin Hamilton,C,23,23-26,CHA,1,0,4.0,0.0,0.0,0.0,0.0,0.0,0.0,0.0,0.0,0.0,0.0,0.0,0.0,0.0,0.0,0.0,0.0,0.0,1.0,0.0,1.0,0.0,0.0,0.0,0.0
184,2013-2014,Justin Hamilton,C,23,23-26,MIA,7,0,9.7,1.3,2.9,0.45,0.4,1.3,0.333,0.9,1.6,0.545,0.525,0.7,0.7,1.0,0.6,0.4,1.0,0.0,0.6,0.0,0.4,1.1,3.7,0.0,2.2
185,2013-2014,Tyler Hansbrough,PF,28,27-30,TOR,64,4,15.3,1.5,3.1,0.474,0.0,0.0,0.0,1.5,3.0,0.479,0.474,2.0,2.9,0.681,1.9,2.6,4.5,0.3,0.4,0.3,0.7,2.1,4.9,0.43,5.1
186,2013-2014,Tim Hardaway Jr.,SG,21,18-22,NYK,81,1,23.1,3.6,8.5,0.428,1.6,4.4,0.363,2.0,4.1,0.498,0.523,1.3,1.6,0.828,0.2,1.3,1.5,0.8,0.5,0.1,0.6,1.8,10.2,1.33,5.5
187,2013-2014,James Harden,SG,24,23-26,HOU,73,73,38.0,7.5,16.5,0.456,2.4,6.6,0.366,5.1,9.9,0.515,0.529,7.9,9.1,0.866,0.8,3.9,4.7,6.1,1.6,0.4,3.6,2.4,25.4,1.69,22.0
188,2013-2014,Maurice Harkless,SF,20,18-22,ORL,80,41,24.4,2.8,6.0,0.464,0.7,1.9,0.383,2.1,4.1,0.502,0.525,1.1,1.8,0.594,0.9,2.4,3.3,1.0,1.2,0.6,1.1,1.8,7.4,0.91,6.7
189,2013-2014,Josh Harrellson,C,24,23-26,DET,32,0,9.9,1.2,2.6,0.463,0.4,1.0,0.387,0.8,1.6,0.51,0.537,0.2,0.2,0.714,0.9,1.4,2.4,0.5,0.2,0.5,0.3,1.4,2.9,1.67,3.4
190,2013-2014,Al Harrington,PF,33,31-34,WAS,34,0,15.0,2.4,6.1,0.396,1.0,2.9,0.34,1.4,3.1,0.449,0.478,0.8,1.0,0.771,0.4,1.9,2.4,0.8,0.4,0.0,1.0,2.1,6.6,0.8,3.2
191,2013-2014,Devin Harris,PG,30,27-30,DAL,40,0,20.5,2.4,6.4,0.378,0.8,2.5,0.307,1.6,3.8,0.425,0.439,2.3,2.9,0.8,0.2,1.9,2.1,4.5,0.7,0.1,1.5,1.8,7.9,3.0,7.4
192,2013-2014,Elias Harris,SF,24,23-26,LAL,2,0,5.5,0.0,0.5,0.0,0.0,0.0,0.0,0.0,0.5,0.0,0.0,0.0,0.0,0.0,0.5,0.0,0.5,0.5,0.5,0.0,0.0,0.0,0.0,0.0,1.0
193,2013-2014,Manny Harris,SG,24,23-26,LAL,9,0,20.0,3.1,7.8,0.4,0.8,2.2,0.35,2.3,5.6,0.42,0.45,1.1,1.3,0.833,0.8,3.0,3.8,1.2,0.4,0.1,1.0,1.1,8.1,1.2,6.6
194,2013-2014,Mike Harris,PF,30,27-30,UTA,20,0,11.3,1.5,3.1,0.475,0.0,0.1,0.0,1.5,3.0,0.492,0.475,1.3,1.4,0.963,0.8,0.9,1.7,0.3,0.8,0.4,0.6,1.8,4.2,0.5,3.3
195,2013-2014,Tobias Harris,PF,21,18-22,ORL,61,36,30.3,5.4,11.7,0.464,0.5,2.1,0.254,4.9,9.7,0.508,0.486,3.2,4.0,0.807,1.4,5.5,7.0,1.3,0.7,0.4,1.3,2.3,14.6,1.0,13.3
196,2013-2014,Udonis Haslem,PF,33,31-34,MIA,46,18,14.2,1.6,3.2,0.507,0.0,0.0,0.0,1.6,3.2,0.507,0.507,0.5,1.0,0.568,0.9,2.9,3.8,0.3,0.2,0.3,0.5,1.7,3.8,0.6,4.1
197,2013-2014,Spencer Hawes,C,25,23-26,TOT,80,78,30.9,5.0,11.0,0.456,1.6,3.9,0.416,3.4,7.2,0.478,0.529,1.5,1.9,0.783,1.6,6.6,8.3,3.0,0.6,1.2,2.2,3.0,13.2,1.36,14.7
197,2013-2014,Spencer Hawes,C,25,23-26,PHI,53,53,31.4,5.0,11.1,0.451,1.5,3.8,0.399,3.5,7.2,0.478,0.52,1.5,1.9,0.782,1.7,6.9,8.5,3.3,0.6,1.3,2.2,2.9,13.0,1.5,15.1
197,2013-2014,Spencer Hawes,C,25,23-26,CLE,27,25,29.8,5.1,11.0,0.468,1.7,3.9,0.448,3.4,7.1,0.479,0.547,1.5,1.9,0.784,1.6,6.1,7.7,2.4,0.5,1.0,2.0,3.1,13.5,1.2,13.7
198,2013-2014,Chuck Hayes,C,30,27-30,TOT,61,1,12.4,0.9,2.1,0.431,0.0,0.0,0.0,0.9,2.1,0.434,0.431,0.3,0.4,0.8,1.1,2.3,3.4,0.6,0.6,0.2,0.5,1.6,2.2,1.2,3.6
198,2013-2014,Chuck Hayes,C,30,27-30,SAC,16,1,11.2,0.9,2.0,0.438,0.0,0.0,0.0,0.9,2.0,0.438,0.438,0.3,0.4,0.714,1.3,1.7,2.9,0.4,0.7,0.1,0.4,1.1,2.1,1.0,3.5
198,2013-2014,Chuck Hayes,C,30,27-30,TOR,45,0,12.8,0.9,2.2,0.429,0.0,0.0,0.0,0.9,2.2,0.433,0.429,0.3,0.4,0.833,1.1,2.5,3.6,0.6,0.5,0.2,0.6,1.7,2.2,1.0,3.4
199,2013-2014,Gordon Hayward,SF,23,23-26,UTA,77,77,36.4,5.5,13.4,0.413,1.1,3.6,0.304,4.4,9.8,0.453,0.454,4.0,4.9,0.816,0.8,4.3,5.1,5.2,1.4,0.5,2.8,2.0,16.2,1.86,14.8
200,2013-2014,Gerald Henderson,SG,26,23-26,CHA,77,77,32.0,5.2,12.1,0.433,0.5,1.5,0.348,4.7,10.6,0.445,0.455,3.1,4.0,0.761,0.4,3.6,4.0,2.6,0.7,0.4,1.5,2.1,14.0,1.73,10.3
201,2013-2014,Xavier Henry,SF,22,18-22,LAL,43,5,21.1,3.3,8.0,0.417,0.7,1.9,0.346,2.7,6.1,0.439,0.458,2.7,4.1,0.655,0.6,2.1,2.7,1.2,1.0,0.2,1.3,1.8,10.0,0.92,5.9
202,2013-2014,John Henson,PF,23,23-26,MIL,70,23,26.5,4.9,9.1,0.538,0.0,0.0,0.0,4.9,9.1,0.539,0.538,1.3,2.5,0.514,2.4,4.7,7.1,1.6,0.6,1.7,1.6,2.6,11.1,1.0,12.5
203,2013-2014,Roy Hibbert,C,27,27-30,IND,81,81,29.7,4.1,9.3,0.439,0.0,0.1,0.4,4.1,9.2,0.439,0.44,2.6,3.3,0.77,2.5,4.1,6.6,1.1,0.4,2.2,1.8,3.3,10.8,0.61,10.1
204,2013-2014,J.J. Hickson,PF,25,23-26,DEN,69,52,26.9,4.8,9.5,0.508,0.0,0.1,0.0,4.8,9.4,0.514,0.508,2.2,4.2,0.517,3.0,6.2,9.2,1.4,0.7,0.7,1.9,2.6,11.8,0.74,12.6
205,2013-2014,Nenê,PF,31,31-34,WAS,53,37,29.4,5.6,11.2,0.503,0.0,0.1,0.2,5.6,11.1,0.506,0.504,2.9,5.0,0.583,1.2,4.3,5.5,2.9,1.2,0.9,2.2,3.1,14.2,1.32,11.7
206,2013-2014,George Hill,PG,27,27-30,IND,76,76,32.0,3.6,8.1,0.442,1.3,3.4,0.365,2.3,4.7,0.497,0.519,1.9,2.3,0.807,0.7,3.0,3.7,3.5,1.0,0.3,1.2,2.1,10.3,2.92,10.6
207,2013-2014,Jordan Hill,PF,26,23-26,LAL,72,32,20.8,4.0,7.2,0.549,0.0,0.0,0.0,4.0,7.2,0.55,0.549,1.7,2.5,0.685,2.7,4.7,7.4,0.8,0.4,0.9,1.0,2.4,9.7,0.8,11.8
208,2013-2014,Solomon Hill,SF,22,18-22,IND,28,0,8.1,0.6,1.4,0.425,0.3,0.8,0.304,0.4,0.6,0.588,0.513,0.2,0.3,0.857,0.3,1.1,1.5,0.4,0.2,0.1,0.5,0.7,1.7,0.8,1.8
209,2013-2014,Kirk Hinrich,PG,33,31-34,CHI,73,61,29.0,3.3,8.5,0.393,1.2,3.3,0.351,2.2,5.2,0.419,0.461,1.3,1.7,0.76,0.4,2.2,2.6,3.9,1.1,0.4,1.6,2.8,9.1,2.44,7.1
210,2013-2014,Jrue Holiday,PG,23,23-26,NOP,34,34,33.6,6.0,13.4,0.447,0.9,2.3,0.39,5.1,11.1,0.459,0.48,1.5,1.9,0.81,0.8,3.4,4.2,7.9,1.6,0.4,3.1,2.7,14.3,2.55,14.8
211,2013-2014,Ryan Hollins,PF,29,27-30,LAC,61,0,7.9,0.9,1.2,0.736,0.0,0.0,0.0,0.9,1.2,0.736,0.736,0.6,0.9,0.625,0.5,1.0,1.5,0.1,0.1,0.5,0.5,1.4,2.3,0.2,2.0
212,2013-2014,Scotty Hopson,SG,24,23-26,CLE,2,0,3.5,0.0,2.0,0.0,0.0,1.0,0.0,0.0,1.0,0.0,0.0,0.5,1.0,0.5,0.0,0.0,0.0,0.5,0.5,0.0,0.0,0.0,0.5,0.0,-1.0
213,2013-2014,Al Horford,C,27,27-30,ATL,29,29,33.0,8.2,14.5,0.567,0.1,0.4,0.364,8.1,14.1,0.572,0.571,2.0,2.9,0.682,2.3,6.1,8.4,2.6,0.9,1.5,2.2,1.9,18.6,1.18,20.7
214,2013-2014,Dwight Howard,C,28,27-30,HOU,71,71,33.7,6.7,11.3,0.591,0.0,0.1,0.286,6.6,11.2,0.594,0.593,4.9,9.0,0.547,3.3,8.9,12.2,1.8,0.8,1.8,3.2,3.4,18.3,0.56,19.6
215,2013-2014,Robbie Hummel,SF,24,23-26,MIN,53,5,12.4,1.3,3.3,0.379,0.6,1.7,0.36,0.7,1.7,0.398,0.469,0.3,0.3,0.938,0.7,1.8,2.5,0.4,0.3,0.0,0.2,1.1,3.4,2.0,3.3
216,2013-2014,Kris Humphries,PF,28,27-30,BOS,69,30,19.9,3.3,6.7,0.501,0.0,0.0,0.0,3.3,6.7,0.503,0.501,1.7,2.1,0.813,1.8,4.1,5.9,1.0,0.4,0.9,0.9,2.0,8.4,1.11,9.9
217,2013-2014,Serge Ibaka,PF,24,23-26,OKC,81,81,32.9,6.5,12.1,0.536,0.3,0.7,0.383,6.2,11.3,0.546,0.548,1.9,2.5,0.784,2.8,6.0,8.8,1.0,0.5,2.7,1.5,2.9,15.1,0.67,17.5
218,2013-2014,Andre Iguodala,SF,30,27-30,GSW,63,63,32.4,3.5,7.3,0.48,1.0,2.8,0.354,2.5,4.5,0.558,0.548,1.4,2.1,0.652,0.8,3.8,4.7,4.2,1.5,0.3,1.6,1.6,9.3,2.62,12.3
219,2013-2014,Ersan İlyasova,PF,26,23-26,MIL,55,47,26.9,4.3,10.5,0.409,0.7,2.4,0.282,3.6,8.1,0.446,0.441,1.9,2.4,0.823,1.9,4.3,6.2,1.3,0.8,0.1,1.1,2.5,11.2,1.18,9.3
220,2013-2014,Kyrie Irving,PG,21,18-22,CLE,71,71,35.2,7.5,17.4,0.43,1.7,4.8,0.358,5.8,12.6,0.458,0.48,4.1,4.8,0.861,0.7,2.9,3.6,6.1,1.5,0.3,2.7,2.3,20.8,2.26,16.7
221,2013-2014,Royal Ivey,SG,32,31-34,OKC,2,0,2.5,0.0,1.0,0.0,0.0,0.5,0.0,0.0,0.5,0.0,0.0,0.0,0.0,0.0,0.0,0.5,0.5,0.0,0.0,0.0,0.0,0.5,0.0,-1.0,-1.0
222,2013-2014,Jarrett Jack,PG,30,27-30,CLE,80,31,28.2,3.6,8.7,0.41,0.8,2.3,0.341,2.8,6.4,0.435,0.455,1.6,1.9,0.839,0.3,2.5,2.8,4.1,0.7,0.3,1.7,1.7,9.5,2.41,8.6
223,2013-2014,Reggie Jackson,PG,23,23-26,OKC,80,36,28.5,5.0,11.5,0.44,1.0,3.1,0.339,4.0,8.4,0.477,0.485,2.0,2.2,0.893,0.5,3.4,3.9,4.1,1.1,0.1,2.1,1.8,13.1,1.95,11.7
224,2013-2014,Stephen Jackson,SF,35,35-38,LAC,9,0,11.9,0.7,2.9,0.231,0.1,1.6,0.071,0.6,1.3,0.417,0.25,0.2,0.4,0.5,0.2,0.9,1.1,0.6,0.7,0.1,0.7,1.2,1.7,0.86,-0.1
225,2013-2014,Bernard James,C,28,27-30,DAL,30,0,4.9,0.4,0.8,0.478,0.0,0.0,0.0,0.4,0.7,0.5,0.478,0.2,0.4,0.545,0.5,0.9,1.4,0.1,0.1,0.3,0.3,0.8,0.9,0.33,1.1
226,2013-2014,Damion James,SF,26,23-26,SAS,5,1,10.0,0.4,1.8,0.222,0.0,0.4,0.0,0.4,1.4,0.286,0.222,0.4,0.4,1.0,0.2,2.2,2.4,0.6,0.0,0.2,0.2,0.6,1.2,3.0,2.2
227,2013-2014,LeBron James,PF,29,27-30,MIA,77,77,37.7,10.0,17.6,0.567,1.5,4.0,0.379,8.5,13.6,0.622,0.61,5.7,7.6,0.75,1.1,5.9,6.9,6.3,1.6,0.3,3.5,1.6,27.1,1.8,27.6
228,2013-2014,Mike James,PG,38,35-38,CHI,11,0,7.0,0.5,1.9,0.238,0.1,0.5,0.2,0.4,1.5,0.25,0.262,0.0,0.2,0.0,0.0,0.6,0.6,1.5,0.2,0.0,0.5,1.0,1.0,3.0,0.2
229,2013-2014,Antawn Jamison,PF,37,35-38,LAC,22,0,11.3,1.3,4.2,0.315,0.4,1.9,0.195,1.0,2.3,0.412,0.359,0.8,1.1,0.72,0.4,2.1,2.5,0.3,0.4,0.1,0.3,1.3,3.8,1.0,2.3
230,2013-2014,Othyus Jeffers,SG,28,27-30,TOT,6,1,7.8,0.5,1.0,0.5,0.0,0.3,0.0,0.5,0.7,0.75,0.5,0.5,0.7,0.75,0.2,1.3,1.5,0.2,0.0,0.0,0.2,0.5,1.5,1.0,1.8
230,2013-2014,Othyus Jeffers,SG,28,27-30,SAS,4,1,8.5,0.8,1.3,0.6,0.0,0.3,0.0,0.8,1.0,0.75,0.6,0.3,0.5,0.5,0.3,1.3,1.5,0.3,0.0,0.0,0.0,0.5,1.8,0.0,2.4
230,2013-2014,Othyus Jeffers,SG,28,27-30,MIN,2,0,6.5,0.0,0.5,0.0,0.0,0.5,0.0,0.0,0.0,0.0,0.0,1.0,1.0,1.0,0.0,1.5,1.5,0.0,0.0,0.0,0.5,0.5,1.0,0.0,1.0
231,2013-2014,Al Jefferson,C,29,27-30,CHA,73,73,35.0,9.6,18.8,0.509,0.0,0.2,0.2,9.5,18.6,0.512,0.51,2.6,3.8,0.69,2.1,8.7,10.8,2.1,0.9,1.1,1.7,2.4,21.8,1.24,22.2
232,2013-2014,Richard Jefferson,SF,33,31-34,UTA,82,78,27.0,3.6,8.0,0.45,1.5,3.7,0.409,2.1,4.3,0.484,0.544,1.5,2.0,0.741,0.2,2.5,2.7,1.6,0.7,0.2,1.1,2.0,10.1,1.45,7.3
233,2013-2014,John Jenkins,SG,22,18-22,ATL,13,0,12.2,1.2,3.2,0.381,0.3,1.4,0.222,0.9,1.8,0.5,0.429,0.3,0.3,1.0,0.2,1.5,1.7,0.8,0.1,0.1,0.8,0.8,3.1,1.0,2.2
234,2013-2014,Brandon Jennings,PG,24,23-26,DET,80,79,34.1,5.3,14.2,0.373,1.9,5.7,0.337,3.4,8.5,0.397,0.441,3.0,4.0,0.751,0.7,2.3,3.1,7.6,1.3,0.1,2.7,2.0,15.5,2.81,13.0
235,2013-2014,Jonas Jerebko,PF,26,23-26,DET,64,0,11.6,1.5,3.3,0.471,0.5,1.2,0.419,1.0,2.1,0.5,0.546,0.7,0.9,0.729,0.8,1.9,2.7,0.6,0.3,0.1,0.7,1.3,4.2,0.86,3.9
236,2013-2014,Amir Johnson,PF,26,23-26,TOR,77,72,28.8,4.5,7.9,0.562,0.3,0.9,0.303,4.2,7.1,0.593,0.578,1.2,1.9,0.636,2.2,4.3,6.6,1.5,0.7,1.1,1.6,3.5,10.4,0.94,11.1
237,2013-2014,Chris Johnson,SF,23,23-26,BOS,40,0,19.7,2.1,5.4,0.397,1.1,3.2,0.339,1.1,2.2,0.483,0.498,0.9,1.1,0.86,0.8,1.7,2.4,0.8,0.7,0.1,0.6,1.6,6.3,1.33,4.6
238,2013-2014,James Johnson,SF,26,23-26,MEM,52,4,18.4,2.8,5.9,0.464,0.4,1.7,0.253,2.3,4.3,0.548,0.5,1.5,1.7,0.844,1.2,2.0,3.2,2.1,0.8,1.1,1.3,2.0,7.4,1.62,8.0
239,2013-2014,Joe Johnson,SG,32,31-34,BRK,79,79,32.6,5.8,12.9,0.454,2.1,5.1,0.401,3.8,7.8,0.489,0.533,2.0,2.5,0.815,0.6,2.8,3.4,2.7,0.6,0.1,1.5,1.6,15.8,1.8,11.9
240,2013-2014,Orlando Johnson,SG,24,23-26,TOT,45,0,8.7,0.8,2.5,0.319,0.2,1.0,0.191,0.6,1.5,0.409,0.358,0.4,0.6,0.731,0.2,1.0,1.2,0.4,0.1,0.0,0.3,0.6,2.2,1.33,1.1
240,2013-2014,Orlando Johnson,SG,24,23-26,IND,38,0,9.0,0.9,2.5,0.344,0.2,1.1,0.195,0.7,1.4,0.455,0.385,0.4,0.6,0.773,0.2,1.2,1.3,0.4,0.2,0.0,0.4,0.6,2.4,1.0,1.5
240,2013-2014,Orlando Johnson,SG,24,23-26,SAC,7,0,7.1,0.4,2.4,0.176,0.1,0.9,0.167,0.3,1.6,0.182,0.206,0.3,0.6,0.5,0.3,0.3,0.6,0.6,0.0,0.1,0.1,0.4,1.3,6.0,-0.2
241,2013-2014,Wesley Johnson,SF,26,23-26,LAL,79,62,28.4,3.5,8.2,0.425,1.3,3.4,0.369,2.2,4.8,0.466,0.502,0.8,1.0,0.792,0.9,3.5,4.4,1.6,1.1,1.0,1.1,2.6,9.1,1.45,8.6
242,2013-2014,Darius Johnson-Odom,SG,24,23-26,PHI,3,0,5.0,0.0,2.3,0.0,0.0,1.0,0.0,0.0,1.3,0.0,0.0,0.0,0.7,0.0,0.0,0.7,0.7,0.3,0.3,0.0,0.7,1.0,0.0,0.43,-3.4
243,2013-2014,James Jones,SF,33,31-34,MIA,20,6,11.8,1.6,3.4,0.456,1.4,2.7,0.519,0.2,0.7,0.214,0.662,0.4,0.6,0.636,0.1,1.1,1.2,0.5,0.2,0.2,0.2,0.3,4.9,2.5,4.5
244,2013-2014,Perry Jones,PF,22,18-22,OKC,62,7,12.3,1.3,2.9,0.459,0.4,1.0,0.361,1.0,1.9,0.508,0.519,0.5,0.7,0.667,0.5,1.4,1.8,0.4,0.2,0.3,0.3,1.0,3.5,1.33,3.1
245,2013-2014,Solomon Jones,PF,29,27-30,ORL,11,0,7.7,0.5,1.5,0.353,0.0,0.0,0.0,0.5,1.5,0.353,0.353,0.2,0.4,0.5,0.7,0.7,1.5,0.2,0.2,0.2,0.2,1.1,1.3,1.0,0.9
246,2013-2014,Terrence Jones,PF,22,18-22,HOU,76,71,27.3,5.1,9.4,0.542,0.4,1.3,0.307,4.7,8.0,0.581,0.564,1.6,2.6,0.605,2.1,4.8,6.9,1.1,0.7,1.3,0.9,1.8,12.1,1.22,14.1
247,2013-2014,DeAndre Jordan,C,25,23-26,LAC,82,82,35.0,4.2,6.3,0.676,0.0,0.0,0.0,4.2,6.3,0.676,0.676,2.0,4.6,0.428,4.0,9.5,13.6,0.9,1.0,2.5,1.5,3.2,10.4,0.6,19.0
248,2013-2014,Cory Joseph,SG,22,18-22,SAS,68,19,13.8,1.9,3.9,0.475,0.2,0.6,0.316,1.7,3.3,0.502,0.498,1.2,1.4,0.823,0.5,1.1,1.6,1.7,0.5,0.2,0.6,1.2,5.0,2.83,5.0
249,2013-2014,Chris Kaman,C,31,31-34,LAL,39,13,18.9,4.5,8.9,0.509,0.0,0.1,0.0,4.5,8.8,0.513,0.509,1.3,1.7,0.765,1.4,4.5,5.9,1.5,0.3,1.0,1.9,2.4,10.4,0.79,10.0
250,2013-2014,Sergey Karasev,SF,20,18-22,CLE,22,1,7.1,0.5,1.6,0.343,0.2,0.9,0.211,0.4,0.7,0.5,0.4,0.4,0.5,0.9,0.0,0.7,0.7,0.3,0.1,0.0,0.5,1.0,1.7,0.6,0.1
251,2013-2014,Ryan Kelly,PF,22,18-22,LAL,59,25,22.2,2.7,6.3,0.423,0.8,2.4,0.338,1.8,3.9,0.476,0.488,1.9,2.3,0.815,0.7,3.0,3.7,1.6,0.5,0.8,0.8,2.5,8.0,2.0,7.3
252,2013-2014,Michael Kidd-Gilchrist,SF,20,18-22,CHA,62,62,24.2,2.7,5.7,0.473,0.0,0.1,0.111,2.7,5.5,0.483,0.475,1.8,3.0,0.614,1.8,3.5,5.2,0.8,0.7,0.6,1.0,2.3,7.2,0.8,7.0
253,2013-2014,Andrei Kirilenko,PF,32,31-34,BRK,45,4,19.0,1.8,3.6,0.513,0.0,0.1,0.2,1.8,3.4,0.523,0.516,1.4,2.6,0.513,1.2,2.0,3.2,1.6,0.9,0.4,1.2,1.4,5.0,1.33,5.5
254,2013-2014,Brandon Knight,PG,22,18-22,MIL,72,69,33.3,6.4,15.2,0.422,1.5,4.7,0.325,4.9,10.5,0.466,0.473,3.6,4.5,0.802,0.6,2.9,3.5,4.9,1.0,0.2,2.6,2.0,17.9,1.88,13.2
255,2013-2014,Kyle Korver,SG,32,31-34,ATL,71,71,33.9,4.1,8.6,0.475,2.6,5.5,0.472,1.5,3.1,0.479,0.626,1.2,1.3,0.926,0.3,3.7,4.0,2.9,1.0,0.3,1.4,2.1,12.0,2.07,12.1
256,2013-2014,Kosta Koufos,C,24,23-26,MEM,80,22,16.9,2.8,5.7,0.495,0.0,0.0,0.0,2.8,5.7,0.495,0.495,0.8,1.2,0.645,2.0,3.2,5.2,0.5,0.4,0.9,0.8,2.3,6.4,0.62,7.0
257,2013-2014,Viacheslav Kravtsov,C,26,23-26,PHO,20,0,3.0,0.4,0.8,0.533,0.0,0.0,0.0,0.4,0.8,0.533,0.533,0.2,0.4,0.5,0.5,0.4,0.9,0.1,0.0,0.1,0.3,0.4,1.0,0.33,0.8
258,2013-2014,Ognjen Kuzmić,C,23,23-26,GSW,21,0,4.4,0.2,0.6,0.385,0.0,0.0,0.0,0.2,0.6,0.385,0.385,0.2,0.5,0.455,0.5,0.5,1.0,0.1,0.1,0.2,0.5,0.8,0.7,0.2,0.1
259,2013-2014,Doron Lamb,SG,22,18-22,ORL,53,0,13.1,1.2,3.0,0.394,0.7,1.7,0.4,0.5,1.3,0.386,0.506,0.5,0.7,0.806,0.2,0.8,0.9,0.8,0.2,0.0,0.5,1.0,3.6,1.6,2.0
260,2013-2014,Jeremy Lamb,SG,21,18-22,OKC,78,0,19.7,3.4,7.8,0.432,1.1,3.2,0.356,2.2,4.6,0.483,0.504,0.7,0.8,0.797,0.3,2.1,2.4,1.5,0.7,0.3,0.8,1.8,8.5,1.88,6.3
261,2013-2014,Carl Landry,PF,30,27-30,SAC,18,1,12.9,1.7,3.3,0.517,0.0,0.0,0.0,1.7,3.3,0.517,0.517,0.8,0.9,0.824,0.8,2.3,3.2,0.3,0.2,0.1,0.5,1.9,4.2,0.6,3.9
262,2013-2014,Shane Larkin,PG,21,18-22,DAL,48,0,10.2,1.1,2.9,0.38,0.3,0.8,0.316,0.8,2.1,0.404,0.423,0.3,0.5,0.64,0.2,0.6,0.9,1.5,0.5,0.0,0.8,1.0,2.8,1.88,1.9
263,2013-2014,Ty Lawson,PG,26,23-26,DEN,62,61,35.8,5.6,13.0,0.431,1.2,3.3,0.356,4.4,9.7,0.455,0.475,5.2,6.5,0.798,0.6,2.8,3.5,8.8,1.6,0.2,3.2,1.8,17.6,2.75,18.0
264,2013-2014,Ricky Ledo,SG,21,18-22,DAL,11,0,3.0,0.5,1.5,0.353,0.3,0.7,0.375,0.3,0.8,0.333,0.441,0.4,0.4,1.0,0.0,0.2,0.2,0.2,0.1,0.0,0.2,0.2,1.7,1.0,0.8
265,2013-2014,Courtney Lee,SG,28,27-30,TOT,79,47,25.0,3.7,7.8,0.48,0.9,2.5,0.371,2.8,5.3,0.531,0.539,1.3,1.4,0.884,0.4,2.0,2.4,1.5,0.8,0.4,0.9,1.6,9.6,1.67,8.0
265,2013-2014,Courtney Lee,SG,28,27-30,BOS,30,0,16.8,3.0,6.1,0.492,0.8,1.7,0.442,2.2,4.4,0.511,0.555,0.6,0.7,0.818,0.3,1.4,1.6,1.1,0.7,0.3,0.8,1.2,7.4,1.38,5.9
265,2013-2014,Courtney Lee,SG,28,27-30,MEM,49,47,30.0,4.2,8.8,0.476,1.0,2.9,0.345,3.2,5.9,0.54,0.532,1.7,1.8,0.9,0.4,2.4,2.8,1.7,0.9,0.4,1.0,1.8,11.0,1.7,9.3
266,2013-2014,David Lee,PF,30,27-30,GSW,69,67,33.2,7.4,14.2,0.523,0.0,0.0,0.0,7.4,14.2,0.523,0.523,3.3,4.3,0.78,2.6,6.7,9.3,2.1,0.7,0.4,2.2,3.0,18.2,0.95,17.7
267,2013-2014,Alex Len,C,20,18-22,PHO,42,3,8.6,0.8,1.9,0.423,0.0,0.0,0.0,0.8,1.9,0.423,0.423,0.5,0.7,0.645,0.9,1.4,2.4,0.1,0.1,0.4,0.6,1.6,2.0,0.17,1.5
268,2013-2014,Kawhi Leonard,SF,22,18-22,SAS,66,65,29.1,5.1,9.8,0.522,1.0,2.8,0.379,4.1,7.0,0.579,0.576,1.5,1.9,0.802,1.2,5.1,6.2,2.0,1.7,0.8,1.2,1.9,12.8,1.67,15.3
269,2013-2014,Meyers Leonard,C,21,18-22,POR,40,0,8.9,1.0,2.3,0.451,0.0,0.2,0.0,1.0,2.1,0.482,0.451,0.4,0.5,0.762,0.7,2.1,2.8,0.5,0.2,0.1,0.4,1.9,2.5,1.25,2.4
270,2013-2014,Jon Leuer,PF,24,23-26,MEM,49,0,13.1,2.5,5.0,0.492,0.5,1.0,0.469,2.0,4.0,0.497,0.539,0.8,1.0,0.787,0.8,2.5,3.2,0.4,0.4,0.3,0.6,1.3,6.2,0.67,5.9
271,2013-2014,Rashard Lewis,SF,34,31-34,MIA,60,6,16.2,1.6,3.9,0.415,0.8,2.2,0.343,0.9,1.7,0.51,0.513,0.4,0.6,0.788,0.4,1.4,1.8,1.0,0.9,0.1,0.6,1.5,4.5,1.67,3.7
272,2013-2014,DeAndre Liggins,SG,25,23-26,MIA,1,0,1.0,1.0,1.0,1.0,0.0,0.0,0.0,1.0,1.0,1.0,1.0,0.0,0.0,0.0,1.0,0.0,1.0,0.0,0.0,0.0,0.0,0.0,2.0,-1.0,3.0
273,2013-2014,Damian Lillard,PG,23,23-26,POR,82,82,35.8,6.7,15.9,0.424,2.7,6.8,0.394,4.1,9.1,0.447,0.508,4.5,5.2,0.871,0.4,3.1,3.5,5.6,0.8,0.3,2.4,2.4,20.7,2.33,16.2
274,2013-2014,Jeremy Lin,PG,25,23-26,HOU,71,33,28.9,4.2,9.3,0.446,1.2,3.2,0.358,3.0,6.1,0.492,0.508,3.1,3.7,0.823,0.5,2.2,2.6,4.1,1.0,0.4,2.5,2.3,12.5,1.64,10.1
275,2013-2014,Shaun Livingston,PG,28,27-30,BRK,76,54,26.0,3.1,6.4,0.483,0.0,0.1,0.167,3.1,6.3,0.486,0.484,2.1,2.5,0.827,0.9,2.4,3.2,3.2,1.2,0.4,1.4,2.3,8.3,2.29,8.9
276,2013-2014,Brook Lopez,C,25,23-26,BRK,17,17,31.4,7.6,13.5,0.563,0.0,0.1,0.0,7.6,13.4,0.566,0.563,5.5,6.8,0.817,2.3,3.7,6.0,0.9,0.5,1.8,1.6,3.1,20.7,0.56,18.0
277,2013-2014,Robin Lopez,C,25,23-26,POR,82,82,31.7,4.3,7.9,0.551,0.0,0.0,0.0,4.3,7.8,0.552,0.551,2.4,3.0,0.818,4.0,4.6,8.5,0.9,0.3,1.7,1.0,2.4,11.1,0.9,14.9
278,2013-2014,Kevin Love,PF,25,23-26,MIN,77,77,36.3,8.4,18.5,0.457,2.5,6.6,0.376,6.0,11.9,0.502,0.524,6.8,8.2,0.821,2.9,9.6,12.5,4.4,0.8,0.5,2.5,1.8,26.1,1.76,28.5
279,2013-2014,Kyle Lowry,PG,27,27-30,TOR,79,79,36.2,5.8,13.7,0.423,2.4,6.3,0.38,3.4,7.3,0.46,0.511,4.0,4.9,0.813,1.1,3.6,4.7,7.4,1.5,0.2,2.5,3.4,17.9,2.96,17.0
280,2013-2014,John Lucas III,PG,31,31-34,UTA,42,6,14.1,1.5,4.5,0.326,0.6,2.0,0.298,0.9,2.5,0.349,0.392,0.2,0.4,0.625,0.3,0.6,0.9,1.0,0.3,0.0,0.5,1.0,3.8,2.0,1.3
281,2013-2014,Shelvin Mack,PG,23,23-26,ATL,73,11,20.4,2.9,6.9,0.417,0.8,2.5,0.337,2.0,4.3,0.464,0.479,0.9,1.0,0.865,0.3,1.9,2.2,3.7,0.7,0.0,1.2,1.4,7.5,3.08,7.4
282,2013-2014,Ian Mahinmi,C,27,27-30,IND,77,1,16.2,1.2,2.5,0.481,0.0,0.0,0.0,1.2,2.4,0.484,0.481,1.2,1.9,0.621,1.4,1.9,3.3,0.3,0.5,0.9,0.8,2.7,3.5,0.37,3.0
283,2013-2014,Shawn Marion,SF,35,35-38,DAL,76,76,31.7,4.5,9.3,0.482,0.8,2.1,0.358,3.7,7.2,0.518,0.523,0.7,0.9,0.785,1.7,4.8,6.5,1.6,1.2,0.5,1.3,1.6,10.4,1.23,12.3
284,2013-2014,Kendall Marshall,PG,22,18-22,LAL,54,45,29.0,3.1,7.8,0.406,1.3,3.3,0.399,1.8,4.5,0.411,0.49,0.4,0.7,0.528,0.3,2.6,2.9,8.8,0.9,0.1,2.8,1.4,8.0,3.14,11.5
285,2013-2014,Cartier Martin,SF,29,27-30,TOT,59,6,14.7,1.9,4.5,0.42,1.0,2.6,0.391,0.9,1.9,0.46,0.532,0.8,1.1,0.738,0.2,1.6,1.9,0.6,0.5,0.1,0.6,1.2,5.6,1.0,4.0
285,2013-2014,Cartier Martin,SF,29,27-30,ATL,53,6,15.5,2.0,4.8,0.414,1.1,2.8,0.384,0.9,2.1,0.455,0.523,0.9,1.2,0.754,0.2,1.8,2.0,0.6,0.5,0.1,0.6,1.3,5.9,1.0,4.1
285,2013-2014,Cartier Martin,SF,29,27-30,CHI,6,0,8.0,0.8,1.3,0.625,0.5,0.8,0.6,0.3,0.5,0.667,0.813,0.3,0.7,0.5,0.2,0.7,0.8,0.3,0.2,0.0,0.2,0.5,2.5,1.5,2.2
286,2013-2014,Kenyon Martin,PF,36,35-38,NYK,32,15,19.8,2.0,3.8,0.512,0.0,0.0,0.0,2.0,3.8,0.516,0.512,0.3,0.6,0.579,1.1,3.1,4.2,1.6,0.8,0.8,0.8,2.7,4.3,2.0,6.1
287,2013-2014,Kevin Martin,SG,30,27-30,MIN,68,68,32.0,6.5,15.0,0.43,1.7,4.4,0.387,4.8,10.7,0.448,0.486,4.5,5.0,0.891,0.5,2.5,3.0,1.8,1.0,0.1,1.6,1.8,19.1,1.12,12.6
288,2013-2014,Roger Mason,SG,33,31-34,MIA,25,2,10.4,1.0,2.7,0.373,0.7,1.9,0.354,0.3,0.8,0.421,0.5,0.3,0.3,1.0,0.0,0.8,0.9,0.8,0.2,0.0,0.4,1.0,3.0,2.0,1.8
289,2013-2014,Wesley Matthews,SG,27,27-30,POR,82,82,33.9,5.4,12.3,0.441,2.5,6.2,0.393,3.0,6.1,0.49,0.541,3.1,3.7,0.837,0.6,2.9,3.5,2.4,0.9,0.2,1.3,2.1,16.4,1.85,12.5
290,2013-2014,Jason Maxiell,PF,30,27-30,ORL,34,13,14.4,1.4,3.1,0.448,0.0,0.0,0.0,1.4,3.1,0.448,0.448,0.4,0.9,0.484,0.8,1.7,2.5,0.3,0.2,0.6,0.4,1.4,3.2,0.75,2.8
291,2013-2014,Eric Maynor,PG,26,23-26,TOT,31,0,10.5,1.0,3.3,0.317,0.4,1.2,0.324,0.6,2.1,0.313,0.376,0.2,0.4,0.545,0.3,1.0,1.3,1.7,0.3,0.1,0.9,0.5,2.6,1.89,2.1
291,2013-2014,Eric Maynor,PG,26,23-26,WAS,23,0,9.3,0.9,3.1,0.292,0.3,1.1,0.32,0.6,2.0,0.277,0.347,0.1,0.1,0.667,0.3,0.7,1.0,1.7,0.2,0.0,0.7,0.6,2.3,2.43,1.7
291,2013-2014,Eric Maynor,PG,26,23-26,PHI,8,0,14.0,1.4,3.6,0.379,0.5,1.5,0.333,0.9,2.1,0.412,0.448,0.5,1.0,0.5,0.3,1.6,1.9,1.5,0.5,0.3,1.5,0.5,3.8,1.0,3.3
292,2013-2014,O.J. Mayo,SG,26,23-26,MIL,52,23,25.9,4.3,10.6,0.407,1.6,4.4,0.37,2.7,6.2,0.433,0.484,1.5,1.7,0.864,0.5,1.9,2.4,2.2,0.5,0.3,1.8,2.1,11.7,1.22,6.7
293,2013-2014,Luc Mbah a Moute,PF-SF,27,27-30,TOT,64,7,15.7,1.4,3.0,0.451,0.1,0.3,0.235,1.3,2.8,0.472,0.461,0.7,1.0,0.687,0.9,1.4,2.3,0.6,0.5,0.2,0.6,1.1,3.5,1.0,3.5
293,2013-2014,Luc Mbah a Moute,SF,27,27-30,SAC,9,5,21.8,1.7,3.6,0.469,0.1,0.3,0.333,1.6,3.2,0.483,0.484,1.0,1.4,0.692,1.0,2.0,3.0,1.7,1.0,0.6,0.4,2.0,4.4,4.25,6.0
293,2013-2014,Luc Mbah a Moute,PF,27,27-30,MIN,55,2,14.7,1.3,2.9,0.447,0.1,0.3,0.214,1.3,2.7,0.469,0.457,0.7,1.0,0.685,0.9,1.3,2.2,0.4,0.4,0.2,0.7,0.9,3.3,0.57,3.0
294,2013-2014,Ray McCallum,PG,22,18-22,SAC,45,10,19.9,2.5,6.7,0.377,0.5,1.3,0.373,2.0,5.4,0.378,0.413,0.7,1.0,0.744,0.4,1.4,1.8,2.7,0.5,0.2,0.9,1.5,6.2,3.0,4.5
295,2013-2014,CJ McCollum,SG,22,18-22,POR,38,0,12.5,1.9,4.7,0.416,0.8,2.1,0.375,1.2,2.6,0.449,0.5,0.6,0.9,0.676,0.2,1.1,1.3,0.7,0.4,0.1,0.9,1.4,5.3,0.78,2.4
296,2013-2014,JaVale McGee,C,26,23-26,DEN,5,5,15.8,3.4,7.6,0.447,0.0,0.0,0.0,3.4,7.6,0.447,0.447,0.2,0.2,1.0,2.0,1.4,3.4,0.4,0.2,1.4,1.6,3.2,7.0,0.25,3.4
297,2013-2014,Ben McLemore,SG,20,18-22,SAC,82,55,26.7,3.1,8.3,0.376,1.2,3.6,0.32,2.0,4.7,0.419,0.446,1.4,1.7,0.804,0.6,2.2,2.9,1.0,0.5,0.2,1.2,2.5,8.8,0.83,4.2
298,2013-2014,Josh McRoberts,PF,26,23-26,CHA,78,78,30.3,3.2,7.3,0.436,1.3,3.7,0.361,1.8,3.5,0.516,0.529,0.8,1.1,0.729,1.1,3.7,4.8,4.3,0.7,0.6,1.1,2.4,8.5,3.91,11.0
299,2013-2014,Jodie Meeks,SG,26,23-26,LAL,77,70,33.2,5.4,11.6,0.463,2.1,5.2,0.401,3.3,6.3,0.514,0.554,2.9,3.4,0.857,0.4,2.1,2.5,1.8,1.4,0.1,1.4,1.5,15.7,1.29,11.9
300,2013-2014,Gal Mekel,PG,25,23-26,DAL,31,1,9.4,1.0,2.8,0.349,0.2,0.6,0.25,0.8,2.1,0.379,0.378,0.3,0.4,0.667,0.2,0.7,0.9,2.0,0.1,0.0,1.0,1.0,2.4,2.0,1.5
301,2013-2014,Khris Middleton,SF,22,18-22,MIL,82,64,30.0,4.6,10.4,0.44,1.5,3.5,0.414,3.1,6.9,0.454,0.511,1.4,1.7,0.861,0.7,3.0,3.8,2.1,1.0,0.2,1.5,3.0,12.1,1.4,8.6
302,2013-2014,C.J. Miles,SG,26,23-26,CLE,51,34,19.3,3.5,8.0,0.435,1.6,4.1,0.393,1.9,3.9,0.48,0.537,1.3,1.5,0.853,0.4,1.7,2.0,1.0,0.9,0.3,0.9,2.0,9.9,1.11,6.5
303,2013-2014,Andre Miller,SG,37,35-38,TOT,58,2,16.9,1.8,4.0,0.459,0.2,0.4,0.524,1.6,3.6,0.452,0.483,1.0,1.3,0.779,0.5,1.8,2.2,3.4,0.6,0.2,1.1,1.3,4.9,3.09,6.4
303,2013-2014,Andre Miller,SG,37,35-38,DEN,30,2,19.0,2.2,4.8,0.458,0.3,0.6,0.5,1.9,4.2,0.452,0.49,1.2,1.6,0.745,0.5,1.9,2.4,3.3,0.5,0.2,1.1,1.1,5.9,3.0,7.1
303,2013-2014,Andre Miller,SG,37,35-38,WAS,28,0,14.7,1.4,3.1,0.46,0.1,0.1,0.667,1.4,3.0,0.452,0.471,0.9,1.1,0.833,0.4,1.6,2.0,3.5,0.7,0.1,1.0,1.5,3.8,3.5,5.7
304,2013-2014,Darius Miller,SF,23,23-26,NOP,45,7,16.1,1.6,3.7,0.44,0.6,1.7,0.325,1.1,2.0,0.539,0.515,0.6,0.8,0.806,0.2,1.0,1.2,1.0,0.5,0.2,0.5,2.0,4.4,2.0,2.5
305,2013-2014,Mike Miller,SF,33,31-34,MEM,82,4,20.8,2.6,5.4,0.481,1.3,2.8,0.459,1.3,2.6,0.505,0.602,0.6,0.7,0.821,0.4,2.2,2.5,1.6,0.3,0.1,0.9,1.2,7.1,1.78,6.6
306,2013-2014,Quincy Miller,PF,21,18-22,DEN,52,16,15.2,1.8,4.9,0.367,0.6,1.8,0.319,1.2,3.1,0.395,0.426,0.8,1.1,0.709,0.7,2.1,2.8,0.5,0.4,0.6,0.9,1.3,4.9,0.56,3.6
307,2013-2014,Patty Mills,PG,25,23-26,SAS,81,2,18.9,3.8,8.2,0.464,1.7,3.9,0.425,2.1,4.3,0.5,0.565,0.9,1.0,0.89,0.4,1.7,2.1,1.8,0.8,0.1,0.8,1.4,10.2,2.25,8.3
308,2013-2014,Paul Millsap,PF,28,27-30,ATL,74,73,33.5,6.5,14.1,0.461,1.0,2.9,0.358,5.5,11.3,0.487,0.498,3.9,5.3,0.731,2.1,6.4,8.5,3.1,1.7,1.1,2.5,2.8,17.9,1.24,18.0
309,2013-2014,Tony Mitchell,PF,21,18-22,DET,21,0,3.8,0.2,0.6,0.417,0.0,0.0,1.0,0.2,0.5,0.364,0.458,0.5,0.9,0.579,0.7,0.5,1.2,0.1,0.3,0.1,0.2,0.4,1.0,0.5,1.3
310,2013-2014,Tony Mitchell,SF,24,23-26,MIL,3,0,3.3,1.0,1.7,0.6,0.0,0.3,0.0,1.0,1.3,0.75,0.6,0.0,0.0,0.0,0.3,0.0,0.3,0.3,0.3,0.0,0.0,0.0,2.0,0.0,2.2
311,2013-2014,Nazr Mohammed,C,36,35-38,CHI,80,1,7.0,0.7,1.6,0.429,0.0,0.0,0.0,0.7,1.6,0.429,0.429,0.2,0.4,0.533,0.8,1.4,2.2,0.3,0.2,0.4,0.5,1.0,1.6,0.6,2.1
312,2013-2014,Greg Monroe,PF,23,23-26,DET,82,82,32.8,6.1,12.4,0.497,0.0,0.0,0.0,6.1,12.4,0.497,0.497,2.9,4.5,0.657,3.1,6.1,9.3,2.1,1.1,0.6,2.0,2.5,15.2,1.05,15.9
313,2013-2014,E'Twaun Moore,SG,24,23-26,ORL,79,3,19.1,2.5,5.8,0.428,0.7,2.0,0.354,1.7,3.7,0.468,0.49,0.7,0.9,0.765,0.4,1.4,1.7,1.4,0.8,0.2,0.7,1.3,6.3,2.0,4.9
314,2013-2014,Darius Morris,PG,23,23-26,TOT,27,0,11.6,1.4,3.6,0.406,0.4,1.4,0.316,1.0,2.1,0.466,0.469,0.6,1.0,0.654,0.3,0.7,1.0,1.6,0.5,0.0,1.0,1.2,4.0,1.6,2.3
314,2013-2014,Darius Morris,PG,23,23-26,PHI,12,0,16.1,2.4,5.6,0.433,0.8,2.0,0.417,1.6,3.6,0.442,0.507,1.3,1.8,0.714,0.3,0.8,1.1,2.6,0.7,0.0,1.6,1.8,6.9,1.62,4.2
314,2013-2014,Darius Morris,PG,23,23-26,LAC,10,0,5.4,0.4,1.3,0.308,0.0,0.7,0.0,0.4,0.6,0.667,0.308,0.1,0.2,0.5,0.0,0.5,0.5,0.5,0.2,0.0,0.2,0.9,0.9,2.5,0.0
314,2013-2014,Darius Morris,PG,23,23-26,MEM,5,0,13.2,1.2,3.2,0.375,0.4,1.4,0.286,0.8,1.8,0.444,0.438,0.2,0.6,0.333,0.8,0.8,1.6,1.6,0.6,0.0,1.2,0.6,3.0,1.33,2.6
315,2013-2014,Marcus Morris,SF,24,23-26,PHO,82,1,22.0,3.5,7.9,0.442,1.2,3.2,0.381,2.3,4.8,0.483,0.518,1.5,1.9,0.761,1.0,2.9,3.9,1.1,0.9,0.2,1.2,1.9,9.7,0.92,7.9
316,2013-2014,Markieff Morris,PF,24,23-26,PHO,81,0,26.6,5.1,10.4,0.486,0.4,1.3,0.315,4.7,9.1,0.512,0.507,3.2,4.0,0.792,1.7,4.3,6.0,1.8,0.8,0.6,1.8,2.9,13.8,1.0,12.2
317,2013-2014,Anthony Morrow,SG,28,27-30,NOP,76,9,18.8,3.1,6.8,0.458,1.2,2.6,0.451,2.0,4.3,0.462,0.542,0.9,1.1,0.828,0.4,1.5,1.8,0.8,0.5,0.2,0.7,1.3,8.4,1.14,5.8
318,2013-2014,Donatas Motiejūnas,PF,23,23-26,HOU,62,3,15.4,2.1,4.8,0.443,0.3,1.4,0.25,1.8,3.4,0.519,0.478,0.9,1.5,0.604,1.0,2.7,3.6,0.5,0.3,0.3,0.8,2.1,5.5,0.62,4.0
319,2013-2014,Arnett Moultrie,PF,23,23-26,PHI,12,2,15.6,1.3,3.2,0.421,0.0,0.0,0.0,1.3,3.2,0.421,0.421,0.3,0.4,0.8,0.9,2.0,2.9,0.2,0.7,0.3,0.6,1.8,3.0,0.33,2.7
320,2013-2014,Timofey Mozgov,C,27,27-30,DEN,82,30,21.6,3.5,6.6,0.523,0.0,0.3,0.167,3.4,6.4,0.539,0.527,2.4,3.2,0.754,2.1,4.4,6.4,0.8,0.3,1.2,1.5,2.6,9.4,0.53,10.1
321,2013-2014,Shabazz Muhammad,SG,21,18-22,MIN,37,0,7.8,1.5,3.4,0.46,0.1,0.3,0.273,1.5,3.1,0.478,0.472,0.7,1.1,0.65,0.6,0.8,1.4,0.2,0.2,0.0,0.4,0.6,3.9,0.5,2.4
322,2013-2014,Byron Mullens,C,24,23-26,TOT,45,0,9.2,1.6,3.7,0.442,0.7,2.0,0.371,0.9,1.7,0.526,0.542,0.2,0.4,0.5,0.5,1.5,2.0,0.3,0.3,0.2,0.6,1.4,4.2,0.5,2.7
322,2013-2014,Byron Mullens,C,24,23-26,LAC,27,0,6.2,1.0,2.4,0.406,0.5,1.4,0.333,0.5,0.9,0.52,0.508,0.1,0.2,0.333,0.3,0.9,1.2,0.2,0.2,0.1,0.5,1.2,2.5,0.4,1.0
322,2013-2014,Byron Mullens,C,24,23-26,PHI,18,0,13.7,2.6,5.6,0.465,1.1,2.8,0.4,1.5,2.8,0.529,0.564,0.4,0.8,0.571,0.9,2.4,3.3,0.4,0.5,0.4,0.8,1.7,6.8,0.5,5.5
323,2013-2014,Erik Murphy,C,23,23-26,CHI,24,0,2.6,0.1,0.5,0.231,0.0,0.1,0.0,0.1,0.4,0.3,0.231,0.0,0.0,0.0,0.1,0.3,0.3,0.1,0.0,0.2,0.1,0.3,0.3,1.0,0.1
324,2013-2014,Toure' Murry,PG,24,23-26,NYK,51,0,7.3,1.1,2.5,0.434,0.1,0.2,0.417,1.0,2.3,0.436,0.453,0.5,0.8,0.59,0.3,0.6,0.9,1.0,0.4,0.0,0.7,0.9,2.7,1.43,1.7
325,2013-2014,Mike Muscala,PF,22,18-22,ATL,20,0,10.8,1.6,3.7,0.425,0.0,0.2,0.0,1.6,3.5,0.443,0.425,0.7,0.7,1.0,0.9,1.8,2.6,0.4,0.2,0.5,0.6,1.5,3.8,0.67,3.3
326,2013-2014,Hamady N'Diaye,C,27,27-30,SAC,14,0,5.3,0.2,0.6,0.333,0.0,0.0,0.0,0.2,0.6,0.333,0.333,0.0,0.1,0.0,0.4,0.9,1.3,0.2,0.0,0.3,0.2,1.1,0.4,1.0,0.4
327,2013-2014,Steve Nash,PG,39,39+,LAL,15,10,20.9,2.4,6.3,0.383,0.5,1.6,0.333,1.9,4.7,0.4,0.426,1.5,1.6,0.917,0.3,1.7,1.9,5.7,0.5,0.1,2.1,1.2,6.8,2.71,7.7
328,2013-2014,Gary Neal,SG,29,27-30,TOT,52,3,21.4,3.7,9.1,0.41,1.3,3.5,0.378,2.4,5.6,0.43,0.482,1.8,2.0,0.895,0.2,1.5,1.7,1.6,0.3,0.0,1.2,1.3,10.5,1.33,6.0
328,2013-2014,Gary Neal,SG,29,27-30,MIL,30,2,20.2,3.6,9.2,0.39,1.3,3.7,0.36,2.3,5.5,0.41,0.462,1.5,1.8,0.833,0.3,1.4,1.7,1.5,0.2,0.0,1.3,0.9,10.0,1.15,5.3
328,2013-2014,Gary Neal,SG,29,27-30,CHA,22,1,23.0,3.9,8.8,0.438,1.3,3.1,0.406,2.6,5.7,0.456,0.51,2.2,2.3,0.961,0.1,1.7,1.8,1.7,0.5,0.0,1.1,1.8,11.2,1.55,7.3
329,2013-2014,Nemanja Nedović,SG,22,18-22,GSW,24,0,5.9,0.3,1.6,0.205,0.1,0.8,0.167,0.2,0.9,0.238,0.244,0.3,0.3,0.875,0.1,0.5,0.6,0.5,0.0,0.0,0.5,0.5,1.1,1.0,-0.1
330,2013-2014,Jameer Nelson,PG,31,31-34,ORL,68,68,32.0,4.3,11.0,0.394,2.0,5.8,0.348,2.3,5.2,0.444,0.485,1.4,1.6,0.857,0.4,3.0,3.4,7.0,0.8,0.1,2.4,2.1,12.1,2.92,12.0
331,2013-2014,Andrew Nicholson,PF,24,23-26,ORL,76,5,15.4,2.4,5.5,0.429,0.4,1.2,0.315,2.0,4.4,0.459,0.462,0.6,0.8,0.825,0.7,2.7,3.4,0.3,0.2,0.3,0.7,2.0,5.7,0.43,3.9
332,2013-2014,Joakim Noah,C,28,27-30,CHI,80,80,35.3,4.8,10.0,0.475,0.0,0.0,0.0,4.8,10.0,0.476,0.475,3.1,4.2,0.737,3.5,7.7,11.3,5.4,1.2,1.5,2.4,3.1,12.6,2.25,20.2
333,2013-2014,Steve Novak,PF,30,27-30,TOR,54,1,10.0,1.1,2.7,0.411,1.0,2.3,0.426,0.1,0.4,0.333,0.589,0.1,0.1,1.0,0.1,0.9,1.1,0.2,0.2,0.1,0.1,0.8,3.3,2.0,2.4
334,2013-2014,Dirk Nowitzki,PF,35,35-38,DAL,80,80,32.9,7.9,15.9,0.497,1.6,4.1,0.398,6.3,11.8,0.532,0.549,4.2,4.7,0.899,0.5,5.7,6.2,2.7,0.9,0.6,1.5,2.1,21.7,1.8,20.0
335,2013-2014,James Nunnally,SF,23,23-26,TOT,13,0,12.7,1.2,3.5,0.326,0.6,1.9,0.32,0.5,1.6,0.333,0.413,0.5,0.7,0.667,0.1,1.4,1.5,0.6,0.5,0.2,0.5,0.8,3.4,1.2,2.4
335,2013-2014,James Nunnally,SF,23,23-26,ATL,4,0,13.5,1.5,4.5,0.333,0.8,2.5,0.3,0.8,2.0,0.375,0.417,0.8,1.0,0.75,0.3,1.8,2.0,0.5,0.3,0.3,1.0,0.5,4.5,0.5,2.9
335,2013-2014,James Nunnally,SF,23,23-26,PHI,9,0,12.3,1.0,3.1,0.321,0.6,1.7,0.333,0.4,1.4,0.308,0.411,0.3,0.6,0.6,0.0,1.2,1.2,0.7,0.6,0.1,0.3,1.0,2.9,2.33,1.8
336,2013-2014,Jermaine O'Neal,PF,35,35-38,GSW,44,13,20.1,2.8,5.6,0.504,0.0,0.0,0.0,2.8,5.6,0.504,0.504,2.3,3.0,0.75,1.9,3.6,5.5,0.6,0.3,0.9,1.2,2.3,7.9,0.5,8.2
337,2013-2014,Kyle O'Quinn,C,23,23-26,ORL,69,19,17.2,2.7,5.4,0.501,0.0,0.0,0.0,2.7,5.3,0.505,0.501,0.8,1.2,0.687,1.4,3.8,5.3,1.1,0.6,1.3,1.1,2.4,6.2,1.0,7.9
338,2013-2014,Greg Oden,C,26,23-26,MIA,23,6,9.2,1.2,2.1,0.551,0.0,0.0,0.0,1.2,2.1,0.551,0.551,0.6,1.0,0.565,1.0,1.3,2.3,0.0,0.3,0.6,0.5,2.3,2.9,0.0,2.0
339,2013-2014,Victor Oladipo,PG,21,18-22,ORL,80,44,31.1,4.9,11.7,0.419,0.9,2.8,0.327,4.0,8.9,0.448,0.458,3.1,4.0,0.78,0.5,3.6,4.1,4.1,1.6,0.5,3.2,2.6,13.8,1.28,10.6
340,2013-2014,Kelly Olynyk,C,22,18-22,BOS,70,9,20.0,3.3,7.2,0.466,0.6,1.6,0.351,2.8,5.5,0.5,0.506,1.4,1.7,0.811,2.0,3.2,5.2,1.6,0.5,0.4,1.5,3.2,8.7,1.07,7.5
341,2013-2014,Arinze Onuaku,PF,26,23-26,TOT,5,0,6.0,0.2,1.0,0.2,0.0,0.0,0.0,0.2,1.0,0.2,0.2,0.2,0.4,0.5,0.4,1.2,1.6,0.6,0.0,0.0,0.2,0.6,0.6,3.0,1.0
341,2013-2014,Arinze Onuaku,PF,26,23-26,NOP,3,0,8.3,0.3,1.3,0.25,0.0,0.0,0.0,0.3,1.3,0.25,0.25,0.3,0.7,0.5,0.7,1.7,2.3,1.0,0.0,0.0,0.3,1.0,1.0,3.33,1.6
341,2013-2014,Arinze Onuaku,PF,26,23-26,CLE,2,0,2.5,0.0,0.5,0.0,0.0,0.0,0.0,0.0,0.5,0.0,0.0,0.0,0.0,0.0,0.0,0.5,0.5,0.0,0.0,0.0,0.0,0.0,0.0,-1.0,0.0
342,2013-2014,Daniel Orton,C,23,23-26,PHI,22,4,11.4,1.0,2.1,0.447,0.0,0.0,0.0,1.0,2.1,0.447,0.447,1.0,1.4,0.767,0.7,2.0,2.8,0.7,0.3,0.7,0.8,1.7,3.0,0.87,3.5
343,2013-2014,Travis Outlaw,SF,29,27-30,SAC,63,4,16.9,2.1,5.2,0.399,0.7,1.9,0.35,1.4,3.3,0.426,0.462,0.7,0.8,0.808,0.6,2.1,2.7,0.8,0.3,0.3,0.4,1.5,5.4,2.0,4.4
344,2013-2014,Zaza Pachulia,C,29,27-30,MIL,53,43,25.0,2.8,6.6,0.427,0.0,0.0,0.0,2.8,6.6,0.428,0.427,2.1,2.5,0.846,2.7,3.6,6.3,2.6,0.8,0.3,1.7,2.3,7.7,1.53,9.5
345,2013-2014,Jannero Pargo,PG,34,31-34,CHA,29,0,8.3,1.8,4.1,0.441,0.8,2.1,0.4,1.0,2.0,0.483,0.542,0.3,0.4,0.727,0.0,0.7,0.7,1.8,0.5,0.0,0.9,0.6,4.7,2.0,3.8
346,2013-2014,Tony Parker,PG,31,31-34,SAS,68,68,29.4,6.7,13.4,0.499,0.4,1.0,0.373,6.3,12.5,0.509,0.513,2.9,3.6,0.811,0.3,2.0,2.3,5.7,0.5,0.1,2.2,1.3,16.7,2.59,14.4
347,2013-2014,Chandler Parsons,SF,25,23-26,HOU,74,74,37.6,6.3,13.3,0.472,1.8,4.7,0.37,4.5,8.6,0.528,0.538,2.2,3.0,0.742,0.9,4.6,5.5,4.0,1.2,0.4,1.9,2.3,16.6,2.11,15.7
348,2013-2014,Patrick Patterson,PF,24,23-26,TOT,65,13,23.6,3.5,7.5,0.46,0.8,2.3,0.364,2.6,5.2,0.503,0.516,0.8,1.1,0.704,1.8,3.5,5.3,1.2,0.8,0.6,1.0,2.4,8.5,1.2,8.7
348,2013-2014,Patrick Patterson,PF,24,23-26,SAC,17,6,24.4,2.9,7.2,0.41,0.5,2.3,0.231,2.4,4.9,0.494,0.447,0.5,0.9,0.563,2.0,3.8,5.8,0.9,0.8,0.2,0.9,2.3,6.9,1.0,6.7
348,2013-2014,Patrick Patterson,PF,24,23-26,TOR,48,7,23.3,3.6,7.6,0.477,1.0,2.3,0.411,2.7,5.3,0.506,0.54,0.9,1.1,0.745,1.7,3.3,5.1,1.3,0.9,0.7,1.0,2.5,9.1,1.3,9.4
349,2013-2014,Chris Paul,PG,28,27-30,LAC,62,62,35.0,6.5,14.0,0.467,1.3,3.4,0.368,5.3,10.6,0.498,0.511,4.8,5.6,0.855,0.6,3.7,4.3,10.7,2.5,0.1,2.3,2.5,19.1,4.65,23.6
350,2013-2014,Nikola Peković,C,28,27-30,MIN,54,54,30.8,7.0,13.0,0.541,0.0,0.0,0.0,7.0,13.0,0.541,0.541,3.4,4.6,0.747,3.8,4.9,8.7,0.9,0.6,0.4,1.6,2.4,17.5,0.56,16.9
351,2013-2014,Kendrick Perkins,C,29,27-30,OKC,62,62,19.5,1.4,3.1,0.451,0.0,0.0,0.0,1.4,3.1,0.453,0.451,0.6,1.1,0.552,1.3,3.6,4.9,1.1,0.4,0.5,1.5,2.9,3.4,0.73,3.7
352,2013-2014,Paul Pierce,SF,36,35-38,BRK,75,68,28.0,4.3,9.5,0.451,1.5,4.0,0.373,2.8,5.5,0.507,0.529,3.4,4.1,0.826,0.3,4.3,4.6,2.4,1.1,0.4,2.0,2.5,13.5,1.2,11.6
353,2013-2014,Dexter Pittman,C,25,23-26,ATL,2,0,1.5,0.0,0.5,0.0,0.0,0.0,0.0,0.0,0.5,0.0,0.0,0.0,1.0,0.0,1.5,0.0,1.5,0.0,0.0,0.0,0.0,0.0,0.0,-1.0,0.0
354,2013-2014,Mason Plumlee,C,23,23-26,BRK,70,22,18.2,2.8,4.3,0.659,0.0,0.0,0.0,2.8,4.3,0.666,0.659,1.7,2.8,0.626,1.4,3.0,4.4,0.9,0.7,0.8,1.1,2.4,7.4,0.82,8.1
355,2013-2014,Miles Plumlee,C,25,23-26,PHO,80,79,24.6,3.6,6.9,0.517,0.0,0.0,0.0,3.6,6.9,0.517,0.517,0.9,1.7,0.561,2.5,5.4,7.8,0.5,0.6,1.1,1.4,2.3,8.1,0.36,10.3
356,2013-2014,Quincy Pondexter,SG,25,23-26,MEM,15,2,18.0,2.1,5.3,0.392,0.7,2.3,0.324,1.3,3.0,0.444,0.462,1.4,1.7,0.808,0.7,1.1,1.7,1.3,0.3,0.1,1.0,1.2,6.3,1.3,4.0
357,2013-2014,Otto Porter Jr.,SF,20,18-22,WAS,37,0,8.6,0.9,2.5,0.363,0.1,0.6,0.19,0.8,1.9,0.414,0.385,0.2,0.3,0.667,0.6,1.0,1.5,0.3,0.2,0.0,0.4,0.7,2.1,0.75,1.3
358,2013-2014,Josh Powell,PF,31,31-34,HOU,1,0,19.0,2.0,6.0,0.333,0.0,0.0,0.0,2.0,6.0,0.333,0.333,0.0,0.0,0.0,0.0,5.0,5.0,0.0,0.0,1.0,1.0,1.0,4.0,0.0,4.0
359,2013-2014,Phil Pressey,PG,22,18-22,BOS,75,11,15.1,1.0,3.4,0.308,0.4,1.4,0.264,0.7,2.0,0.34,0.364,0.4,0.6,0.644,0.3,1.1,1.4,3.2,0.9,0.1,1.2,1.3,2.8,2.67,3.3
360,2013-2014,A.J. Price,SG,27,27-30,MIN,28,0,3.5,0.7,1.6,0.413,0.2,0.8,0.273,0.5,0.9,0.542,0.478,0.0,0.1,0.0,0.0,0.3,0.4,0.5,0.0,0.0,0.3,0.2,1.6,1.67,1.0
361,2013-2014,Ronnie Price,SG,30,27-30,ORL,31,2,12.2,0.9,3.0,0.304,0.3,1.4,0.209,0.6,1.6,0.388,0.353,0.3,0.4,0.692,0.3,1.1,1.4,2.1,0.8,0.1,0.8,1.6,2.4,2.62,2.2
362,2013-2014,Pablo Prigioni,PG,36,35-38,NYK,66,27,19.4,1.3,2.9,0.461,1.0,2.1,0.464,0.3,0.8,0.451,0.631,0.2,0.2,0.917,0.5,1.4,2.0,3.5,1.0,0.0,0.9,2.0,3.8,3.89,5.8
363,2013-2014,Tayshaun Prince,SF,33,31-34,MEM,76,76,25.6,2.6,6.5,0.407,0.3,0.9,0.29,2.4,5.6,0.426,0.427,0.4,0.8,0.567,0.4,2.7,3.1,1.6,0.5,0.3,0.5,0.8,6.0,3.2,5.9
364,2013-2014,Miroslav Raduljica,C,26,23-26,MIL,48,2,9.7,1.4,2.6,0.54,0.0,0.0,0.0,1.4,2.6,0.54,0.54,0.9,1.1,0.818,1.1,1.1,2.3,0.5,0.1,0.3,0.6,1.8,3.8,0.83,3.2
365,2013-2014,Anthony Randolph,PF,24,23-26,DEN,43,5,12.3,1.6,4.1,0.386,0.4,1.4,0.295,1.2,2.7,0.435,0.438,1.2,1.6,0.754,0.5,2.4,2.8,0.7,0.6,0.4,0.9,1.5,4.8,0.78,4.0
366,2013-2014,Shavlik Randolph,PF,30,27-30,PHO,14,0,6.8,0.5,1.0,0.5,0.0,0.0,0.0,0.5,1.0,0.5,0.5,0.4,0.8,0.545,0.5,1.3,1.8,0.1,0.2,0.1,0.4,1.1,1.4,0.25,1.2
367,2013-2014,Zach Randolph,PF,32,31-34,MEM,79,79,34.2,7.1,15.2,0.467,0.0,0.3,0.1,7.1,14.9,0.474,0.468,3.2,4.3,0.742,3.4,6.7,10.1,2.5,0.7,0.3,2.3,2.7,17.4,1.09,16.8
368,2013-2014,JJ Redick,SG,29,27-30,LAC,35,34,28.2,5.2,11.4,0.455,2.1,5.3,0.395,3.1,6.1,0.507,0.546,2.8,3.0,0.915,0.3,1.9,2.1,2.2,0.8,0.1,1.2,1.9,15.2,1.83,10.9
369,2013-2014,Glen Rice Jr.,SG,23,23-26,WAS,11,1,9.9,1.0,3.4,0.297,0.5,1.5,0.294,0.5,1.8,0.3,0.365,0.5,0.6,0.714,0.4,1.5,1.8,0.6,0.5,0.1,0.8,0.6,2.9,0.75,2.0
370,2013-2014,Luke Ridnour,PG,32,31-34,TOT,61,14,18.7,2.1,5.4,0.385,0.6,1.8,0.343,1.5,3.6,0.406,0.442,0.3,0.4,0.654,0.4,1.2,1.6,2.9,0.5,0.1,1.1,1.5,5.0,2.64,4.1
370,2013-2014,Luke Ridnour,PG,32,31-34,MIL,36,12,21.2,2.3,6.1,0.384,0.7,1.9,0.368,1.6,4.2,0.391,0.441,0.4,0.5,0.684,0.4,1.3,1.7,3.4,0.6,0.1,1.3,1.5,5.7,2.62,4.8
370,2013-2014,Luke Ridnour,PG,32,31-34,CHA,25,2,15.1,1.7,4.3,0.389,0.5,1.6,0.3,1.2,2.7,0.441,0.444,0.2,0.3,0.571,0.3,1.1,1.4,2.2,0.4,0.2,0.8,1.5,4.0,2.75,3.2
371,2013-2014,Austin Rivers,PG,21,18-22,NOP,69,4,19.4,2.8,6.9,0.405,0.5,1.4,0.364,2.3,5.4,0.416,0.443,1.6,2.5,0.636,0.4,1.5,1.9,2.3,0.7,0.1,1.1,1.9,7.7,2.09,4.7
372,2013-2014,Andre Roberson,SG,22,18-22,OKC,40,16,10.0,0.8,1.7,0.485,0.1,0.3,0.154,0.8,1.4,0.564,0.5,0.2,0.3,0.7,0.9,1.5,2.4,0.4,0.5,0.3,0.5,1.9,1.9,0.8,2.1
373,2013-2014,Brian Roberts,PG,28,27-30,NOP,72,42,23.2,3.4,8.1,0.42,0.9,2.5,0.36,2.5,5.6,0.447,0.475,1.7,1.8,0.94,0.2,1.7,1.9,3.3,0.6,0.1,1.3,1.8,9.4,2.54,7.4
374,2013-2014,Nate Robinson,PG,29,27-30,DEN,44,1,19.7,3.7,8.7,0.428,1.3,3.5,0.377,2.4,5.2,0.463,0.504,1.6,1.9,0.835,0.5,1.4,1.8,2.5,0.8,0.1,1.3,2.1,10.4,1.92,6.9
375,2013-2014,Thomas Robinson,PF,22,18-22,POR,70,0,12.5,2.0,4.2,0.481,0.0,0.0,0.0,2.0,4.2,0.483,0.481,0.8,1.4,0.564,1.5,2.9,4.4,0.5,0.3,0.3,0.8,1.9,4.8,0.62,4.8
376,2013-2014,Rajon Rondo,PG,27,27-30,BOS,30,30,33.3,4.7,11.7,0.403,0.9,3.0,0.289,3.8,8.7,0.442,0.44,1.4,2.2,0.627,0.7,4.7,5.5,9.8,1.3,0.1,3.3,2.2,11.7,2.97,15.1
377,2013-2014,Derrick Rose,PG,25,23-26,CHI,10,10,31.1,5.8,16.4,0.354,1.6,4.7,0.34,4.2,11.7,0.359,0.402,2.7,3.2,0.844,0.9,2.3,3.2,4.3,0.5,0.1,3.4,1.5,15.9,1.26,8.0
378,2013-2014,Terrence Ross,SG,22,18-22,TOR,81,62,26.7,3.9,9.3,0.423,2.0,5.0,0.395,1.9,4.2,0.458,0.531,1.0,1.2,0.837,0.5,2.6,3.1,1.0,0.8,0.3,1.1,2.3,10.9,0.91,7.1
379,2013-2014,Ricky Rubio,PG,23,23-26,MIN,82,82,32.2,3.1,8.2,0.381,0.5,1.6,0.331,2.6,6.5,0.393,0.413,2.8,3.5,0.802,0.7,3.4,4.2,8.6,2.3,0.1,2.7,2.7,9.5,3.19,13.5
380,2013-2014,Brandon Rush,SG,28,27-30,UTA,38,0,11.0,0.8,2.4,0.333,0.4,1.2,0.34,0.4,1.1,0.326,0.422,0.1,0.1,0.6,0.1,1.0,1.2,0.6,0.1,0.2,0.5,0.8,2.1,1.2,1.3
381,2013-2014,Robert Sacre,C,24,23-26,LAL,65,13,16.8,2.2,4.6,0.477,0.0,0.0,0.0,2.2,4.6,0.477,0.477,1.0,1.4,0.681,1.3,2.6,3.9,0.8,0.4,0.7,0.7,2.1,5.4,1.14,5.6
382,2013-2014,John Salmons,SG-SF,34,31-34,TOT,78,8,22.1,1.9,5.3,0.363,0.8,2.1,0.387,1.1,3.2,0.348,0.439,0.5,0.7,0.769,0.3,1.8,2.1,1.9,0.6,0.2,0.7,1.6,5.2,2.71,4.1
382,2013-2014,John Salmons,SF,34,31-34,SAC,18,8,24.7,2.3,6.5,0.35,0.9,2.3,0.381,1.4,4.2,0.333,0.419,0.4,0.4,1.0,0.4,2.1,2.6,2.4,0.7,0.4,0.8,1.8,5.8,3.0,5.1
382,2013-2014,John Salmons,SG,34,31-34,TOR,60,0,21.4,1.8,4.9,0.368,0.8,2.0,0.388,1.0,2.9,0.354,0.448,0.6,0.8,0.733,0.2,1.8,2.0,1.7,0.6,0.2,0.7,1.5,5.0,2.43,4.0
383,2013-2014,Larry Sanders,C,25,23-26,MIL,23,20,25.4,3.3,7.0,0.469,0.0,0.0,0.0,3.3,7.0,0.472,0.469,1.1,2.4,0.473,2.6,4.6,7.2,0.8,0.8,1.7,1.1,3.2,7.7,0.73,8.9
384,2013-2014,Dennis Schröder,PG,20,18-22,ATL,49,0,13.1,1.5,3.8,0.383,0.2,0.9,0.238,1.3,3.0,0.425,0.41,0.6,0.9,0.674,0.1,1.1,1.2,1.9,0.3,0.0,1.2,1.1,3.7,1.58,2.2
385,2013-2014,Luis Scola,PF,33,31-34,IND,82,2,17.1,3.2,6.8,0.47,0.0,0.1,0.143,3.2,6.7,0.474,0.471,1.2,1.7,0.728,1.0,3.7,4.8,1.0,0.3,0.2,1.3,2.0,7.6,0.77,6.5
386,2013-2014,Mike Scott,PF,25,23-26,ATL,80,6,18.5,3.8,7.9,0.479,0.8,2.5,0.31,3.0,5.4,0.558,0.529,1.3,1.7,0.78,0.8,2.8,3.6,0.9,0.4,0.1,1.0,1.5,9.6,0.9,7.6
387,2013-2014,Thabo Sefolosha,SG,29,27-30,OKC,61,61,26.0,2.3,5.6,0.415,0.8,2.5,0.316,1.5,3.1,0.495,0.485,0.9,1.1,0.768,0.8,2.8,3.6,1.5,1.3,0.3,0.9,1.5,6.3,1.67,7.1
388,2013-2014,Kevin Séraphin,C,24,23-26,WAS,53,1,10.9,2.1,4.2,0.505,0.0,0.0,0.0,2.1,4.2,0.505,0.505,0.5,0.6,0.871,1.0,1.4,2.4,0.3,0.1,0.5,0.8,1.9,4.7,0.37,3.1
389,2013-2014,Ramon Sessions,PG,27,27-30,TOT,83,19,26.7,4.0,9.3,0.429,0.4,1.5,0.282,3.6,7.8,0.457,0.452,3.9,4.9,0.807,0.5,2.0,2.4,4.1,0.6,0.1,1.8,1.1,12.3,2.28,10.3
389,2013-2014,Ramon Sessions,PG,27,27-30,CHA,55,7,23.7,3.5,8.5,0.409,0.3,1.2,0.221,3.2,7.2,0.441,0.425,3.3,4.3,0.782,0.4,1.7,2.1,3.7,0.6,0.1,1.7,0.9,10.5,2.18,8.4
389,2013-2014,Ramon Sessions,PG,27,27-30,MIL,28,12,32.5,5.0,10.9,0.461,0.7,2.0,0.357,4.3,8.9,0.484,0.493,5.1,6.1,0.841,0.6,2.5,3.1,4.8,0.6,0.1,2.0,1.4,15.8,2.4,14.1
390,2013-2014,Mustafa Shakur,PG,29,27-30,OKC,3,0,3.7,0.0,1.0,0.0,0.0,0.3,0.0,0.0,0.7,0.0,0.0,0.3,0.7,0.5,0.0,0.0,0.0,1.3,0.0,0.0,0.7,0.7,0.3,1.86,-1.2
391,2013-2014,Tornike Shengelia,SF,22,18-22,TOT,26,0,5.9,0.5,1.1,0.464,0.0,0.2,0.0,0.5,0.8,0.591,0.464,0.1,0.3,0.375,0.2,0.5,0.6,0.5,0.1,0.0,0.5,0.7,1.1,1.0,0.3
391,2013-2014,Tornike Shengelia,SF,22,18-22,BRK,17,0,8.1,0.6,1.4,0.458,0.0,0.4,0.0,0.6,1.1,0.611,0.458,0.2,0.5,0.375,0.2,0.6,0.8,0.7,0.1,0.1,0.6,0.9,1.5,1.17,0.6
391,2013-2014,Tornike Shengelia,SF,22,18-22,CHI,9,0,1.9,0.2,0.4,0.5,0.0,0.0,0.0,0.2,0.4,0.5,0.5,0.0,0.0,0.0,0.0,0.2,0.2,0.2,0.1,0.0,0.1,0.2,0.4,2.0,0.4
392,2013-2014,Iman Shumpert,SG,23,23-26,NYK,74,58,26.5,2.5,6.5,0.378,1.0,3.1,0.333,1.4,3.5,0.418,0.457,0.7,1.0,0.746,1.1,3.1,4.2,1.7,1.2,0.2,1.1,2.8,6.7,1.55,5.8
393,2013-2014,Alexey Shved,SG,25,23-26,MIN,63,0,10.5,1.2,3.8,0.321,0.5,1.6,0.294,0.7,2.1,0.341,0.384,1.1,1.4,0.756,0.3,1.0,1.3,1.1,0.4,0.3,0.8,0.6,4.0,1.38,2.8
394,2013-2014,Henry Sims,C,23,23-26,TOT,46,25,19.0,2.8,6.0,0.474,0.0,0.0,0.0,2.8,5.9,0.476,0.474,2.0,2.6,0.744,2.3,2.9,5.2,1.1,0.6,0.4,0.9,2.5,7.6,1.22,7.7
394,2013-2014,Henry Sims,C,23,23-26,CLE,20,0,8.4,0.9,2.3,0.4,0.0,0.0,0.0,0.9,2.3,0.4,0.4,0.4,0.7,0.571,1.1,1.7,2.8,0.3,0.3,0.4,0.4,1.6,2.2,0.75,2.3
394,2013-2014,Henry Sims,C,23,23-26,PHI,26,25,27.2,4.3,8.8,0.489,0.0,0.0,0.0,4.3,8.8,0.491,0.489,3.2,4.1,0.766,3.2,3.8,7.0,1.8,0.9,0.5,1.3,3.2,11.8,1.38,12.1
395,2013-2014,Kyle Singler,SF,25,23-26,DET,82,36,28.5,3.3,7.3,0.447,1.1,3.0,0.382,2.1,4.3,0.492,0.525,1.9,2.2,0.826,1.4,2.3,3.7,0.9,0.7,0.5,1.0,2.6,9.6,0.9,7.5
396,2013-2014,Chris Singleton,SF,24,23-26,WAS,25,0,10.0,1.0,2.7,0.373,0.3,0.8,0.368,0.7,1.9,0.375,0.425,0.7,1.0,0.72,0.7,1.5,2.2,0.2,0.4,0.1,0.7,1.0,3.0,0.29,2.2
397,2013-2014,Peyton Siva,SG,23,23-26,DET,24,0,9.3,0.8,2.4,0.316,0.3,1.0,0.28,0.5,1.3,0.344,0.377,0.5,0.6,0.733,0.1,0.5,0.6,1.4,0.4,0.0,0.8,1.1,2.3,1.75,1.1
398,2013-2014,Donald Sloan,SG,26,23-26,IND,48,1,8.2,0.9,2.4,0.376,0.2,0.9,0.238,0.7,1.6,0.453,0.419,0.3,0.4,0.6,0.1,0.8,0.9,1.0,0.2,0.0,0.5,0.4,2.3,2.0,1.9
399,2013-2014,Chris Smith,PG,26,23-26,NYK,2,0,1.0,0.0,0.0,0.0,0.0,0.0,0.0,0.0,0.0,0.0,0.0,0.0,0.0,0.0,0.0,0.0,0.0,0.0,0.0,0.0,0.0,0.0,0.0,-1.0,0.0
400,2013-2014,Greg Smith,C,23,23-26,HOU,11,0,9.1,1.6,2.5,0.643,0.0,0.0,0.0,1.6,2.5,0.643,0.643,0.2,0.5,0.4,1.0,1.5,2.5,0.0,0.1,0.2,0.5,1.5,3.5,0.0,3.1
401,2013-2014,Ish Smith,PG,25,23-26,PHO,70,1,14.4,1.7,4.0,0.423,0.0,0.3,0.043,1.7,3.7,0.457,0.425,0.3,0.6,0.564,0.4,1.4,1.8,2.6,0.7,0.2,0.9,0.9,3.7,2.89,4.6
402,2013-2014,J.R. Smith,SF,28,27-30,NYK,74,37,32.7,5.4,12.9,0.415,2.6,6.5,0.394,2.8,6.4,0.436,0.514,1.2,1.9,0.652,0.5,3.5,4.0,3.0,0.9,0.3,1.5,2.6,14.5,2.0,10.4
403,2013-2014,Jason Smith,PF,27,27-30,NOP,31,27,26.8,4.2,9.1,0.465,0.0,0.0,0.0,4.2,9.1,0.465,0.465,1.3,1.6,0.78,1.6,4.2,5.8,0.9,0.4,0.9,0.9,3.2,9.7,1.0,8.4
404,2013-2014,Josh Smith,SF,28,27-30,DET,77,76,35.5,6.7,16.0,0.419,0.9,3.4,0.264,5.8,12.6,0.462,0.448,2.1,3.9,0.532,1.3,5.4,6.8,3.3,1.4,1.4,2.6,2.6,16.4,1.27,13.0
405,2013-2014,Tony Snell,SG,22,18-22,CHI,77,12,16.0,1.7,4.4,0.384,0.7,2.3,0.32,0.9,2.1,0.456,0.469,0.4,0.5,0.756,0.2,1.4,1.6,0.9,0.4,0.2,0.6,1.1,4.5,1.5,3.1
406,2013-2014,James Southerland,SF,23,23-26,TOT,4,0,7.5,1.3,3.8,0.333,0.8,1.5,0.5,0.5,2.3,0.222,0.433,0.3,0.5,0.5,0.0,2.0,2.0,0.0,0.3,0.5,0.3,0.8,3.5,0.0,2.5
406,2013-2014,James Southerland,SF,23,23-26,CHA,1,0,3.0,0.0,3.0,0.0,0.0,1.0,0.0,0.0,2.0,0.0,0.0,0.0,0.0,0.0,0.0,0.0,0.0,0.0,0.0,0.0,0.0,0.0,0.0,-1.0,-3.0
406,2013-2014,James Southerland,SF,23,23-26,NOP,3,0,9.0,1.7,4.0,0.417,1.0,1.7,0.6,0.7,2.3,0.286,0.542,0.3,0.7,0.5,0.0,2.7,2.7,0.0,0.3,0.7,0.3,1.0,4.7,0.0,4.4
407,2013-2014,Marreese Speights,C,26,23-26,GSW,79,3,12.4,2.5,5.6,0.441,0.1,0.4,0.258,2.4,5.2,0.455,0.45,1.4,1.7,0.821,1.3,2.4,3.7,0.4,0.1,0.4,0.8,1.9,6.4,0.5,4.9
408,2013-2014,Tiago Splitter,C,29,27-30,SAS,59,50,21.5,3.1,5.9,0.523,0.0,0.1,0.0,3.1,5.8,0.528,0.523,2.1,2.9,0.699,2.1,4.1,6.2,1.5,0.5,0.5,1.3,2.0,8.2,1.15,10.0
409,2013-2014,D.J. Stephens,SG,23,23-26,MIL,3,0,5.0,1.0,2.3,0.429,0.0,0.0,0.0,1.0,2.3,0.429,0.429,0.3,0.3,1.0,0.3,1.3,1.7,0.0,0.0,0.0,0.0,0.0,2.3,-1.0,2.7
410,2013-2014,Lance Stephenson,SG,23,23-26,IND,78,78,35.3,5.5,11.2,0.491,1.1,3.1,0.352,4.4,8.0,0.545,0.54,1.8,2.5,0.711,1.2,5.9,7.2,4.6,0.7,0.1,2.7,2.5,13.8,1.7,14.8
411,2013-2014,Greg Stiemsma,C,28,27-30,NOP,55,20,18.3,1.3,2.2,0.574,0.0,0.0,0.0,1.3,2.2,0.579,0.574,0.3,0.6,0.594,1.3,2.8,4.1,0.7,0.6,1.0,0.8,3.1,2.9,0.87,4.2
412,2013-2014,Julyan Stone,SG,25,23-26,TOR,21,0,5.7,0.3,0.8,0.412,0.1,0.4,0.25,0.2,0.4,0.556,0.471,0.1,0.1,0.667,0.1,0.9,1.0,0.6,0.1,0.0,0.2,0.6,0.9,3.0,1.3
413,2013-2014,Amar'e Stoudemire,C,31,31-34,NYK,65,21,22.6,4.8,8.6,0.557,0.0,0.0,0.0,4.8,8.6,0.557,0.557,2.3,3.1,0.739,1.7,3.2,4.9,0.5,0.4,0.6,1.4,2.4,11.9,0.36,9.9
414,2013-2014,Rodney Stuckey,SG,27,27-30,DET,73,5,26.7,5.1,11.7,0.436,0.3,1.2,0.273,4.8,10.5,0.455,0.45,3.3,4.0,0.836,0.5,1.8,2.3,2.1,0.7,0.1,1.7,1.8,13.9,1.24,8.3
415,2013-2014,Jared Sullinger,PF,21,18-22,BOS,74,44,27.6,5.2,12.1,0.427,0.8,2.8,0.269,4.4,9.3,0.475,0.458,2.1,2.7,0.778,3.3,4.9,8.1,1.6,0.5,0.7,1.6,3.4,13.3,1.0,11.7
416,2013-2014,Jeff Taylor,SF,24,23-26,CHA,26,8,24.2,3.2,8.4,0.376,0.7,2.6,0.269,2.5,5.8,0.424,0.417,1.0,1.8,0.553,0.6,1.7,2.3,0.8,0.5,0.2,1.0,2.4,8.0,0.8,2.4
417,2013-2014,Tyshawn Taylor,PG,23,23-26,BRK,23,3,11.7,1.3,4.0,0.341,0.1,0.5,0.25,1.2,3.4,0.354,0.357,1.0,1.3,0.8,0.1,0.5,0.7,1.6,0.5,0.0,1.3,1.3,3.9,1.23,1.1
418,2013-2014,Jeff Teague,PG,25,23-26,ATL,79,79,32.2,5.8,13.2,0.438,0.9,2.8,0.329,4.8,10.3,0.469,0.474,4.0,4.8,0.846,0.4,2.2,2.6,6.7,1.1,0.2,2.9,2.0,16.5,2.31,14.0
419,2013-2014,Marquis Teague,SG,20,18-22,TOT,40,3,11.1,1.0,3.0,0.319,0.1,0.5,0.278,0.8,2.5,0.327,0.34,0.7,0.9,0.743,0.0,1.0,1.0,1.5,0.3,0.1,1.0,1.2,2.7,1.5,1.2
419,2013-2014,Marquis Teague,SG,20,18-22,CHI,19,2,12.7,0.8,3.5,0.242,0.1,0.5,0.2,0.7,2.9,0.25,0.258,0.6,0.8,0.688,0.1,0.9,1.0,1.5,0.1,0.2,0.9,1.3,2.4,1.67,0.1
419,2013-2014,Marquis Teague,SG,20,18-22,BRK,21,1,9.6,1.0,2.5,0.415,0.1,0.4,0.375,0.9,2.1,0.422,0.443,0.7,0.9,0.789,0.0,1.0,1.0,1.4,0.4,0.0,1.0,1.0,3.0,1.4,2.1
420,2013-2014,Mirza Teletović,SF,28,27-30,BRK,72,7,19.4,3.1,7.3,0.418,1.9,4.8,0.39,1.2,2.5,0.472,0.546,0.6,0.9,0.71,0.8,2.9,3.7,0.8,0.4,0.3,0.8,2.0,8.6,1.0,6.5
421,2013-2014,Garrett Temple,SG,27,27-30,WAS,75,0,8.5,0.7,1.9,0.362,0.1,0.4,0.207,0.6,1.5,0.402,0.383,0.4,0.6,0.698,0.3,0.6,0.9,1.0,0.5,0.1,0.6,1.0,1.8,1.67,1.3
422,2013-2014,Jason Terry,PG,36,35-38,BRK,35,0,16.3,1.6,4.3,0.362,1.1,2.9,0.379,0.5,1.4,0.327,0.49,0.3,0.4,0.667,0.1,0.9,1.1,1.6,0.4,0.0,0.8,1.4,4.5,2.0,2.6
423,2013-2014,Hasheem Thabeet,C,26,23-26,OKC,23,0,8.3,0.6,1.0,0.565,0.0,0.0,0.0,0.6,1.0,0.565,0.565,0.0,0.2,0.2,0.4,1.3,1.7,0.0,0.2,0.4,0.6,2.0,1.2,0.0,0.3
424,2013-2014,Adonis Thomas,SF,20,18-22,TOT,6,1,6.2,1.0,2.3,0.429,0.2,0.8,0.2,0.8,1.5,0.556,0.464,0.2,0.2,1.0,0.0,0.5,0.5,0.5,0.0,0.0,0.2,1.0,2.3,2.5,0.8
424,2013-2014,Adonis Thomas,SF,20,18-22,ORL,4,0,6.0,0.8,2.3,0.333,0.0,0.8,0.0,0.8,1.5,0.5,0.333,0.3,0.3,1.0,0.0,0.8,0.8,0.5,0.0,0.0,0.0,0.5,1.8,0.0,1.1
424,2013-2014,Adonis Thomas,SF,20,18-22,PHI,2,1,6.5,1.5,2.5,0.6,0.5,1.0,0.5,1.0,1.5,0.667,0.7,0.0,0.0,0.0,0.0,0.0,0.0,0.5,0.0,0.0,0.5,2.0,3.5,1.0,0.5
425,2013-2014,Isaiah Thomas,PG,24,23-26,SAC,72,54,34.7,6.9,15.2,0.453,1.8,5.1,0.349,5.1,10.2,0.504,0.51,4.8,5.7,0.85,0.7,2.3,2.9,6.3,1.3,0.1,3.0,2.6,20.3,2.1,16.1
426,2013-2014,Lance Thomas,SF,25,23-26,NOP,5,0,8.4,0.4,1.8,0.222,0.0,0.0,0.0,0.4,1.8,0.222,0.222,0.4,0.8,0.5,0.4,1.0,1.4,0.6,0.0,0.0,0.4,0.8,1.2,1.5,0.2
427,2013-2014,Malcolm Thomas,PF,25,23-26,TOT,8,0,7.9,0.9,2.0,0.438,0.1,0.5,0.25,0.8,1.5,0.5,0.469,0.0,0.3,0.0,0.6,2.0,2.6,0.3,0.0,0.4,1.1,0.6,1.9,0.27,2.1
427,2013-2014,Malcolm Thomas,PF,25,23-26,SAS,1,0,15.0,1.0,4.0,0.25,0.0,0.0,0.0,1.0,4.0,0.25,0.25,0.0,2.0,0.0,1.0,8.0,9.0,0.0,0.0,2.0,1.0,0.0,2.0,0.0,7.0
427,2013-2014,Malcolm Thomas,PF,25,23-26,UTA,7,0,6.9,0.9,1.7,0.5,0.1,0.6,0.25,0.7,1.1,0.625,0.542,0.0,0.0,0.0,0.6,1.1,1.7,0.3,0.0,0.1,1.1,0.7,1.9,0.27,1.4
428,2013-2014,Hollis Thompson,SF,22,18-22,PHI,77,41,22.6,2.2,4.8,0.46,0.9,2.2,0.401,1.4,2.7,0.507,0.55,0.7,0.9,0.712,0.9,2.3,3.2,0.9,0.7,0.2,0.8,1.9,6.0,1.12,5.5
429,2013-2014,Jason Thompson,PF,27,27-30,SAC,82,61,24.5,3.1,6.0,0.506,0.0,0.0,0.0,3.1,6.0,0.506,0.506,1.0,1.8,0.579,1.9,4.6,6.4,0.6,0.4,0.7,1.2,3.1,7.1,0.5,7.2
430,2013-2014,Klay Thompson,SG,23,23-26,GSW,81,81,35.4,6.9,15.5,0.444,2.8,6.6,0.417,4.1,8.9,0.464,0.533,1.8,2.3,0.795,0.5,2.6,3.1,2.2,0.9,0.5,1.7,2.9,18.4,1.29,11.4
431,2013-2014,Tristan Thompson,PF,22,18-22,CLE,82,82,31.6,4.4,9.3,0.477,0.0,0.0,0.0,4.4,9.3,0.478,0.477,2.9,4.1,0.693,3.3,5.9,9.2,0.9,0.5,0.4,1.3,2.3,11.7,0.69,13.0
432,2013-2014,Marcus Thornton,SG,26,23-26,TOT,72,27,24.2,3.5,8.9,0.394,1.5,4.4,0.345,2.0,4.5,0.443,0.48,1.3,1.6,0.804,0.8,2.0,2.8,1.1,0.8,0.2,0.9,1.5,9.8,1.22,6.6
432,2013-2014,Marcus Thornton,SG,26,23-26,SAC,46,26,24.4,3.1,8.1,0.381,1.2,3.9,0.318,1.8,4.2,0.438,0.457,0.9,1.1,0.808,0.8,1.8,2.7,1.0,0.7,0.2,0.8,1.6,8.3,1.25,5.3
432,2013-2014,Marcus Thornton,SG,26,23-26,BRK,26,1,23.8,4.2,10.2,0.414,2.0,5.3,0.38,2.2,5.0,0.45,0.511,1.8,2.3,0.8,0.7,2.2,2.8,1.2,1.0,0.1,1.1,1.4,12.3,1.09,8.4
433,2013-2014,Jamaal Tinsley,PG,35,35-38,UTA,8,5,13.8,0.5,2.5,0.2,0.1,1.9,0.067,0.4,0.6,0.6,0.225,0.0,0.0,0.0,0.3,1.1,1.4,2.9,0.3,0.0,1.1,1.3,1.1,2.64,1.3
434,2013-2014,Anthony Tolliver,PF,28,27-30,CHA,64,9,20.3,2.0,4.8,0.42,1.6,3.9,0.413,0.4,0.9,0.45,0.586,0.5,0.6,0.805,0.5,2.1,2.6,0.7,0.3,0.2,0.4,1.3,6.1,1.75,5.3
435,2013-2014,P.J. Tucker,SF,28,27-30,PHO,81,81,30.7,3.3,7.6,0.431,0.9,2.4,0.387,2.4,5.2,0.45,0.491,1.9,2.5,0.776,2.0,4.5,6.5,1.7,1.4,0.3,1.3,2.5,9.4,1.31,10.6
436,2013-2014,Ronny Turiaf,C,31,31-34,MIN,31,10,19.5,2.1,3.5,0.598,0.0,0.0,0.0,2.1,3.5,0.598,0.598,0.7,1.6,0.42,1.8,3.8,5.6,0.8,0.3,1.6,0.8,2.1,4.8,1.0,7.9
437,2013-2014,Hedo Türkoğlu,SF,34,31-34,LAC,38,0,10.3,1.1,2.9,0.385,0.6,1.3,0.44,0.5,1.6,0.339,0.486,0.2,0.5,0.5,0.3,2.1,2.3,0.9,0.5,0.3,0.4,1.3,3.0,2.25,3.2
438,2013-2014,Evan Turner,SF,25,23-26,TOT,81,56,30.3,5.4,12.6,0.425,0.6,1.9,0.321,4.7,10.7,0.444,0.45,2.6,3.2,0.813,0.8,4.3,5.0,3.2,0.8,0.1,2.3,2.4,14.0,1.39,10.6
438,2013-2014,Evan Turner,SF,25,23-26,PHI,54,54,34.9,6.6,15.4,0.428,0.7,2.4,0.288,5.9,12.9,0.455,0.451,3.5,4.2,0.829,0.9,5.0,6.0,3.7,1.0,0.1,2.9,2.7,17.4,1.28,13.1
438,2013-2014,Evan Turner,SF,25,23-26,IND,27,2,21.1,2.9,7.0,0.411,0.4,0.9,0.5,2.4,6.1,0.398,0.442,0.9,1.3,0.706,0.4,2.7,3.2,2.4,0.4,0.1,1.3,1.8,7.1,1.85,5.6
439,2013-2014,Jeremy Tyler,C,22,18-22,NYK,41,0,9.7,1.5,2.8,0.517,0.0,0.0,0.0,1.5,2.8,0.517,0.517,0.6,1.2,0.542,0.9,1.7,2.7,0.2,0.1,0.5,0.6,1.7,3.6,0.33,2.9
440,2013-2014,Ekpe Udoh,PF,26,23-26,MIL,42,14,19.1,1.4,3.4,0.399,0.0,0.0,0.0,1.4,3.4,0.399,0.399,0.7,1.1,0.638,1.5,2.1,3.5,0.7,0.4,1.0,0.9,2.3,3.4,0.78,3.4
441,2013-2014,Beno Udrih,SG,31,31-34,TOT,41,12,15.7,1.9,4.3,0.438,0.5,1.0,0.452,1.4,3.3,0.434,0.492,0.6,0.7,0.833,0.2,1.2,1.4,2.8,0.6,0.1,1.1,1.2,4.9,2.55,5.0
441,2013-2014,Beno Udrih,SG,31,31-34,NYK,31,12,19.0,2.2,5.2,0.425,0.5,1.3,0.425,1.6,3.9,0.425,0.478,0.6,0.8,0.833,0.3,1.5,1.8,3.5,0.7,0.1,1.4,1.5,5.6,2.5,5.6
441,2013-2014,Beno Udrih,SG,31,31-34,MEM,10,0,5.5,1.0,1.8,0.556,0.2,0.2,1.0,0.8,1.6,0.5,0.611,0.5,0.6,0.833,0.0,0.2,0.2,0.6,0.1,0.1,0.5,0.4,2.7,1.2,1.9
442,2013-2014,Jonas Valančiūnas,C,21,18-22,TOR,81,81,28.2,4.4,8.3,0.531,0.0,0.0,0.0,4.4,8.3,0.532,0.531,2.4,3.2,0.762,2.8,6.0,8.8,0.7,0.3,0.9,1.7,3.1,11.3,0.41,12.5
443,2013-2014,Anderson Varejão,C,31,31-34,CLE,65,29,27.7,3.5,7.1,0.495,0.0,0.1,0.0,3.5,7.0,0.502,0.495,1.4,2.1,0.681,2.9,6.8,9.7,2.2,1.1,0.6,1.1,2.5,8.4,2.0,14.1
444,2013-2014,Jarvis Varnado,PF,25,23-26,TOT,24,0,14.1,1.5,2.5,0.6,0.0,0.0,0.0,1.5,2.5,0.6,0.6,1.1,2.2,0.519,0.8,1.8,2.6,0.5,0.4,1.2,0.4,2.6,4.1,1.25,3.7
444,2013-2014,Jarvis Varnado,PF,25,23-26,CHI,1,0,2.0,0.0,0.0,0.0,0.0,0.0,0.0,0.0,0.0,0.0,0.0,0.0,0.0,0.0,0.0,0.0,0.0,0.0,0.0,0.0,0.0,1.0,0.0,-1.0,-1.0
444,2013-2014,Jarvis Varnado,PF,25,23-26,PHI,23,0,14.7,1.6,2.6,0.6,0.0,0.0,0.0,1.6,2.6,0.6,0.6,1.2,2.3,0.519,0.8,1.9,2.7,0.6,0.4,1.3,0.4,2.7,4.3,1.5,4.1
445,2013-2014,Greivis Vásquez,PG,27,27-30,TOT,79,23,22.5,3.5,8.3,0.421,1.4,3.7,0.377,2.1,4.7,0.455,0.504,1.2,1.4,0.88,0.3,1.9,2.2,4.1,0.4,0.1,1.6,1.8,9.6,2.56,8.0
445,2013-2014,Greivis Vásquez,PG,27,27-30,SAC,18,18,25.8,3.6,8.3,0.433,0.9,2.8,0.32,2.7,5.6,0.49,0.487,1.7,1.8,0.938,0.3,1.6,1.9,5.3,0.3,0.1,1.5,2.1,9.8,3.53,9.0
445,2013-2014,Greivis Vásquez,PG,27,27-30,TOR,61,5,21.5,3.5,8.3,0.417,1.5,3.9,0.389,2.0,4.4,0.442,0.509,1.1,1.2,0.855,0.2,2.0,2.3,3.7,0.4,0.1,1.7,1.7,9.5,2.18,7.7
446,2013-2014,Jan Veselý,PF,23,23-26,TOT,54,1,14.4,1.6,3.2,0.514,0.0,0.0,0.0,1.6,3.2,0.514,0.514,0.4,1.0,0.339,1.5,2.0,3.5,0.4,1.0,0.6,0.7,2.2,3.6,0.57,4.0
446,2013-2014,Jan Veselý,PF,23,23-26,WAS,33,1,14.2,1.5,2.8,0.522,0.0,0.0,0.0,1.5,2.8,0.522,0.522,0.2,0.9,0.267,1.6,1.8,3.4,0.3,0.8,0.6,0.7,1.9,3.2,0.43,3.7
446,2013-2014,Jan Veselý,PF,23,23-26,DEN,21,0,14.6,2.0,3.9,0.506,0.0,0.0,0.0,2.0,3.9,0.506,0.506,0.5,1.2,0.423,1.3,2.4,3.7,0.5,1.3,0.8,0.7,2.7,4.4,0.71,4.7
447,2013-2014,Charlie Villanueva,PF,29,27-30,DET,20,0,9.0,1.8,4.6,0.38,0.7,2.8,0.25,1.1,1.8,0.583,0.457,0.4,0.7,0.571,0.3,1.4,1.7,0.3,0.2,0.3,0.4,0.8,4.6,0.75,2.8
448,2013-2014,Nikola Vučević,C,23,23-26,ORL,57,57,31.8,6.2,12.2,0.507,0.0,0.0,0.0,6.2,12.2,0.507,0.507,1.8,2.4,0.766,3.2,7.7,11.0,1.8,1.1,0.8,2.0,3.0,14.2,0.9,17.3
449,2013-2014,Sasha Vujačić,SG,29,27-30,LAC,2,0,5.0,1.0,2.5,0.4,0.5,1.0,0.5,0.5,1.5,0.333,0.5,0.0,0.0,0.0,0.0,1.5,1.5,0.0,0.5,0.0,1.5,0.5,2.5,0.0,1.0
450,2013-2014,Dwyane Wade,SG,32,31-34,MIA,54,53,32.9,7.7,14.1,0.545,0.2,0.6,0.281,7.5,13.5,0.557,0.551,3.5,4.8,0.733,1.1,3.4,4.5,4.7,1.5,0.5,3.0,2.0,19.0,1.57,17.5
451,2013-2014,Dion Waiters,SG,22,18-22,CLE,70,24,29.6,6.1,14.2,0.433,1.3,3.6,0.368,4.8,10.6,0.455,0.479,2.3,3.4,0.685,0.5,2.3,2.8,3.0,0.9,0.2,2.2,2.2,15.9,1.36,9.2
452,2013-2014,Kemba Walker,PG,23,23-26,CHA,73,73,35.8,6.2,15.7,0.393,1.5,4.5,0.333,4.7,11.2,0.417,0.441,3.9,4.6,0.837,0.5,3.7,4.2,6.1,1.2,0.4,2.3,1.8,17.7,2.65,15.3
453,2013-2014,John Wall,PG,23,23-26,WAS,82,82,36.3,7.1,16.3,0.433,1.3,3.8,0.351,5.7,12.5,0.458,0.473,3.9,4.8,0.805,0.5,3.6,4.1,8.8,1.8,0.5,3.6,2.7,19.3,2.44,18.1
454,2013-2014,Gerald Wallace,SF,31,31-34,BOS,58,16,24.4,2.0,4.0,0.504,0.3,1.1,0.297,1.7,2.9,0.584,0.546,0.8,1.7,0.465,0.6,3.0,3.7,2.5,1.3,0.2,1.7,1.4,5.1,1.47,6.8
455,2013-2014,Casper Ware,PG,24,23-26,PHI,9,0,12.9,2.0,4.7,0.429,0.8,2.3,0.333,1.2,2.3,0.524,0.512,0.6,0.7,0.833,0.0,1.0,1.0,1.1,0.9,0.0,0.6,1.2,5.3,1.83,3.7
456,2013-2014,C.J. Watson,PG,29,27-30,IND,63,5,18.9,2.3,5.3,0.437,0.8,2.3,0.366,1.5,3.0,0.492,0.516,1.1,1.4,0.784,0.3,1.3,1.6,1.7,1.0,0.1,1.0,1.0,6.6,1.7,5.7
457,2013-2014,Earl Watson,PG,34,31-34,POR,24,0,6.7,0.1,0.5,0.273,0.1,0.3,0.286,0.0,0.2,0.25,0.364,0.2,0.2,1.0,0.2,0.4,0.6,1.2,0.2,0.0,0.7,1.4,0.5,1.71,0.0
458,2013-2014,Maalik Wayns,PG,22,18-22,LAC,2,0,4.5,0.5,1.0,0.5,0.0,0.0,0.0,0.5,1.0,0.5,0.5,0.0,0.0,0.0,0.0,1.0,1.0,1.0,1.0,0.0,0.0,2.0,1.0,0.0,1.5
459,2013-2014,Martell Webster,SF,27,27-30,WAS,78,13,27.7,3.3,7.5,0.433,1.9,4.8,0.392,1.4,2.8,0.502,0.557,1.3,1.6,0.84,0.5,2.4,2.8,1.2,0.5,0.2,0.7,1.9,9.7,1.71,7.3
460,2013-2014,David West,PF,33,31-34,IND,80,80,30.9,5.7,11.7,0.488,0.1,0.2,0.267,5.7,11.6,0.491,0.49,2.5,3.1,0.789,1.5,5.3,6.8,2.8,0.8,0.9,1.7,2.3,14.0,1.65,14.7
461,2013-2014,Russell Westbrook,PG,25,23-26,OKC,46,46,30.7,7.5,17.2,0.437,1.5,4.7,0.318,6.0,12.5,0.482,0.48,5.3,6.4,0.826,1.2,4.5,5.7,6.9,1.9,0.2,3.8,2.3,21.8,1.82,19.6
462,2013-2014,D.J. White,PF,27,27-30,CHA,2,0,5.0,0.0,0.5,0.0,0.0,0.0,0.0,0.0,0.5,0.0,0.0,0.0,0.0,0.0,0.0,1.0,1.0,0.0,0.5,0.0,0.0,0.5,0.0,-1.0,0.5
463,2013-2014,Royce White,PF,22,18-22,SAC,3,0,3.0,0.0,0.3,0.0,0.0,0.0,0.0,0.0,0.3,0.0,0.0,0.0,0.0,0.0,0.0,0.0,0.0,0.0,0.0,0.0,0.0,0.7,0.0,-1.0,-1.0
464,2013-2014,Deron Williams,PG,29,27-30,BRK,64,58,32.2,5.0,11.2,0.45,1.5,4.2,0.366,3.5,7.0,0.5,0.518,2.7,3.4,0.801,0.2,2.4,2.6,6.1,1.5,0.2,2.2,2.3,14.3,2.77,13.3
465,2013-2014,Derrick Williams,SF-PF,22,18-22,TOT,78,15,23.3,2.6,6.2,0.427,0.3,1.3,0.263,2.3,4.9,0.47,0.454,2.4,3.3,0.718,0.9,3.2,4.1,0.7,0.6,0.3,1.0,1.5,8.0,0.7,6.7
465,2013-2014,Derrick Williams,PF,22,18-22,MIN,11,0,14.7,1.7,4.9,0.352,0.2,1.4,0.133,1.5,3.5,0.436,0.37,1.3,1.5,0.875,0.3,2.1,2.4,0.1,0.4,0.4,0.5,0.8,4.9,0.2,3.5
465,2013-2014,Derrick Williams,SF,22,18-22,SAC,67,15,24.7,2.8,6.4,0.437,0.4,1.3,0.286,2.4,5.1,0.474,0.465,2.6,3.6,0.708,1.0,3.4,4.4,0.8,0.7,0.2,1.0,1.6,8.5,0.8,7.4
466,2013-2014,Elliot Williams,SG,24,23-26,PHI,67,2,17.3,2.1,5.0,0.415,0.6,1.9,0.296,1.5,3.2,0.486,0.47,1.3,1.8,0.731,0.4,1.5,1.9,1.1,0.5,0.0,1.0,1.9,6.0,1.1,3.2
467,2013-2014,Lou Williams,PG,27,27-30,ATL,60,7,24.1,3.3,8.2,0.4,1.3,3.9,0.342,2.0,4.4,0.45,0.48,2.5,3.0,0.849,0.2,1.9,2.1,3.5,0.8,0.1,1.5,1.1,10.4,2.33,8.9
468,2013-2014,Marvin Williams,PF,27,27-30,UTA,66,50,25.4,3.5,8.0,0.439,1.3,3.5,0.359,2.2,4.4,0.503,0.519,0.9,1.1,0.781,1.2,3.8,5.1,1.2,0.8,0.5,0.8,2.3,9.1,1.5,8.9
469,2013-2014,Mo Williams,PG,31,31-34,POR,74,0,24.8,3.8,9.1,0.417,1.1,3.0,0.369,2.7,6.0,0.441,0.478,1.1,1.2,0.876,0.6,1.5,2.1,4.3,0.7,0.1,2.0,2.7,9.7,2.15,6.8
470,2013-2014,Reggie Williams,SF,27,27-30,OKC,3,0,5.7,1.7,3.0,0.556,0.3,1.0,0.333,1.3,2.0,0.667,0.611,0.0,0.0,0.0,0.0,0.0,0.0,0.3,0.3,0.0,0.7,0.3,3.7,0.43,2.0
471,2013-2014,Shawne Williams,PF,27,27-30,LAL,36,13,20.9,2.0,5.3,0.38,1.2,3.6,0.326,0.9,1.8,0.492,0.49,0.4,0.6,0.7,0.7,3.9,4.6,0.8,0.5,0.8,0.6,2.6,5.6,1.33,5.6
472,2013-2014,Jeff Withey,C,23,23-26,NOP,58,4,11.8,1.2,2.2,0.535,0.0,0.0,0.0,1.2,2.2,0.539,0.535,0.9,1.3,0.712,0.8,1.7,2.6,0.4,0.3,0.9,0.3,1.3,3.3,1.33,4.5
473,2013-2014,Nate Wolters,PG,22,18-22,MIL,58,31,22.6,2.9,6.7,0.437,0.3,1.1,0.29,2.6,5.6,0.465,0.46,1.0,1.6,0.656,0.6,2.0,2.6,3.2,0.6,0.3,1.0,1.2,7.2,3.2,7.3
474,2013-2014,Metta World Peace,SF,34,31-34,NYK,29,1,13.4,1.9,4.9,0.397,0.6,1.9,0.315,1.3,3.0,0.448,0.457,0.3,0.6,0.625,0.6,1.4,2.0,0.6,0.8,0.3,0.7,1.5,4.8,0.86,3.0
475,2013-2014,Brandan Wright,C,26,23-26,DAL,58,0,18.6,3.9,5.7,0.677,0.0,0.0,0.0,3.9,5.7,0.677,0.677,1.3,1.8,0.726,1.8,2.4,4.2,0.5,0.6,0.9,0.6,1.6,9.1,0.83,10.8
476,2013-2014,Chris Wright,SF,25,23-26,MIL,8,0,15.8,2.6,4.4,0.6,0.0,0.1,0.0,2.6,4.3,0.618,0.6,0.8,1.9,0.4,1.3,1.3,2.5,0.6,0.9,0.6,0.6,2.1,6.0,1.0,5.0
477,2013-2014,Dorell Wright,SF,28,27-30,POR,68,13,14.5,1.6,4.4,0.374,1.0,3.0,0.342,0.6,1.4,0.442,0.49,0.8,1.0,0.754,0.4,2.4,2.8,0.9,0.3,0.2,0.6,0.9,5.0,1.5,4.7
478,2013-2014,Tony Wroten,PG,20,18-22,PHI,72,16,24.5,4.8,11.2,0.427,0.6,2.6,0.213,4.2,8.6,0.492,0.452,2.9,4.5,0.641,1.0,2.2,3.2,3.0,1.1,0.2,2.8,2.1,13.0,1.07,7.6
479,2013-2014,Nick Young,SG,28,27-30,LAL,64,9,28.3,6.0,13.9,0.435,2.1,5.5,0.386,3.9,8.4,0.468,0.511,3.7,4.5,0.825,0.5,2.1,2.6,1.5,0.7,0.2,1.5,2.4,17.9,1.0,10.3
480,2013-2014,Thaddeus Young,PF,25,23-26,PHI,79,78,34.4,7.4,16.2,0.454,1.1,3.7,0.308,6.2,12.5,0.496,0.489,2.1,2.9,0.712,2.1,3.9,6.0,2.3,2.1,0.5,2.1,2.7,17.9,1.1,14.4
481,2013-2014,Cody Zeller,C,21,18-22,CHA,82,3,17.3,2.1,4.9,0.426,0.0,0.0,0.0,2.1,4.9,0.427,0.426,1.8,2.4,0.73,1.4,2.9,4.3,1.1,0.5,0.5,1.1,2.1,6.0,1.0,5.8
482,2013-2014,Tyler Zeller,C,24,23-26,CLE,70,9,15.0,2.2,4.1,0.538,0.0,0.0,0.0,2.2,4.1,0.54,0.538,1.2,1.7,0.719,1.5,2.6,4.0,0.5,0.3,0.5,0.9,2.0,5.7,0.56,5.7
